era,start_block,end_block,start_block_hash,start_timestamp_unix,start_datetime_utc,end_timestamp_unix,end_datetime_utc
1,14401,28800,0x83f6cfbfc7fa1f91b0fe4cae68eebc6373a7a59331a246ef8e10d4216163cd5b,1685877234000,2023-06-04T11:13:54Z,1685963634000,2023-06-05T11:13:54Z
2,28801,43200,0x58ebb321aedf31cd838c2d11e79d79fcf76b98fefc8e386813fabe5a9eadb3ad,1685963634000,2023-06-05T11:13:54Z,1686050034001,2023-06-06T11:13:54Z
3,43201,57600,0x4aa5f6c34304191011624c4c53b875dbf89becfda25ee65238718d438ac8ca74,1686050034001,2023-06-06T11:13:54Z,1686136434000,2023-06-07T11:13:54Z
4,57601,72000,0x6fa7b769fdd3ac0281c4ca71fe38eee72dbfebc567be22e64cc21b9a63e3281b,1686136434000,2023-06-07T11:13:54Z,1686222834001,2023-06-08T11:13:54Z
5,72001,86400,0x92d37e770b3dfdfd660bb29f28a5d5959c32d59b672b24eadd26403cc170ab5d,1686222834001,2023-06-08T11:13:54Z,1686309234001,2023-06-09T11:13:54Z
6,86401,100800,0x9b3e2cb8d7ddc3dda2cb67a6b5ea4f5bf6de2f91978d2b95864aeafd65dd2083,1686309234001,2023-06-09T11:13:54Z,1686395634000,2023-06-10T11:13:54Z
7,100801,115200,0xac1ba0240eecbdfdef5ed4e5be362e7ec5d38a4c2c10fba6391a060266b67343,1686395634000,2023-06-10T11:13:54Z,1686482034000,2023-06-11T11:13:54Z
8,115201,129600,0x3ba79b8c93fab096f6f37a102dff92f4d802f504a72ebf870bf3cb1542afd758,1686482034000,2023-06-11T11:13:54Z,1686568434000,2023-06-12T11:13:54Z
9,129601,144000,0x1d642d7a3d5f5a11ab1bea5e3d282211acf7da44e57bb5154a88d4555e47c26a,1686568434000,2023-06-12T11:13:54Z,1686654834000,2023-06-13T11:13:54Z
10,144001,158400,0x8cbc497c09763202afc7c42e95e4928ac0ffacd930d200047bdc6f63df639e79,1686654834000,2023-06-13T11:13:54Z,1686741234000,2023-06-14T11:13:54Z
11,158401,172800,0xe890f67422bfdefcf029ec43097026ad87dbad18371fb0cb507e61166f3b62a7,1686741234000,2023-06-14T11:13:54Z,1686827634000,2023-06-15T11:13:54Z
12,172801,187200,0x3abdcb255b6df64d4f6064277372efcaadbcfcbcbe7c153efe588cfc0b35ab46,1686827634000,2023-06-15T11:13:54Z,1686914034001,2023-06-16T11:13:54Z
13,187201,201600,0xa05c1b643e4ddf5f69d610d48f26fd9d90c9da37a153c9ba6ed944fbddb4d6bd,1686914034001,2023-06-16T11:13:54Z,1687000434000,2023-06-17T11:13:54Z
14,201601,216000,0xfef4218d9ce9ef7404ff2092e679727e05a7aa0d3bce9a00618436e9815d1386,1687000434000,2023-06-17T11:13:54Z,1687086834000,2023-06-18T11:13:54Z
15,216001,230400,0xf2bcc8a848993345e760981c4a900181f72b55849550de69a231ba9985a9d339,1687086834000,2023-06-18T11:13:54Z,1687173234000,2023-06-19T11:13:54Z
16,230401,244800,0xdbad6e71e42bb5bf212711dbfa1aa7d2ab458489446802af815e493290f2a6f2,1687173234000,2023-06-19T11:13:54Z,1687259634001,2023-06-20T11:13:54Z
17,244801,259200,0x200a07f40f612fe0787fa58ba59e220cf6d2d0b1a14a3cab64431977c8bcc470,1687259634001,2023-06-20T11:13:54Z,1687346034000,2023-06-21T11:13:54Z
18,259201,273600,0xa12a1cb3a80b4bb7a564c0bfa1793af27ea52402b09f7b9c0f41f01c91adf10c,1687346034000,2023-06-21T11:13:54Z,1687432434001,2023-06-22T11:13:54Z
19,273601,288000,0xdd5f49e209693fb6edb3b5fb369352d3bafcc6bab1e4682f70c5ab4a1ee39171,1687432434001,2023-06-22T11:13:54Z,1687518834000,2023-06-23T11:13:54Z
20,288001,302400,0x59e9c300bc9058b7ac059e5bcde2b8070cde987ef2228a2cf52c9d3e2debe9e2,1687518834000,2023-06-23T11:13:54Z,1687605234000,2023-06-24T11:13:54Z
21,302401,316800,0x0a5294a649051eccf6c48ff4054d272e6ca36b5de9f412b945e207a504ffb007,1687605234000,2023-06-24T11:13:54Z,1687691634001,2023-06-25T11:13:54Z
22,316801,331200,0x2a66aef4d7397cef4354b7bf20558f4a594c37855d3bf361e996040d3cfc287e,1687691634001,2023-06-25T11:13:54Z,1687778034000,2023-06-26T11:13:54Z
23,331201,345600,0xbbb5ffd69ab5cbeadfa32de69fe53a6c52958de0acd0378bc8d5af43f9caba06,1687778034000,2023-06-26T11:13:54Z,1687864434000,2023-06-27T11:13:54Z
24,345601,360000,0xcbd28b64a1ec9184c47b8f1357422896be63a0ff3467db4abf30bfedbb58fdea,1687864434000,2023-06-27T11:13:54Z,1687950834000,2023-06-28T11:13:54Z
25,360001,374400,0x73fffd5a276eee592a90779944903804df41901abbf49f3785ba9bdf40691844,1687950834000,2023-06-28T11:13:54Z,1688037234001,2023-06-29T11:13:54Z
26,374401,388800,0xaaf5f0b0a96156a384b6ed2b87126bc1ea82f38465457396f6c9b3aa959cf41e,1688037234001,2023-06-29T11:13:54Z,1688123634001,2023-06-30T11:13:54Z
27,388801,403200,0x7f2ac98e516c20e938d6091aa950fbbad77a16023615b74a3b2e803eb5423f39,1688123634001,2023-06-30T11:13:54Z,1688210034000,2023-07-01T11:13:54Z
28,403201,417600,0xe8514aee38211462e04e92b6b019e7188fce9e664836ef81f8666580c58d6bb6,1688210034000,2023-07-01T11:13:54Z,1688296434000,2023-07-02T11:13:54Z
29,417601,432000,0x32f125f319586a35bf0f45acc922e8897b089886c82fe63e986d24bf7f5ca61c,1688296434000,2023-07-02T11:13:54Z,1688382834000,2023-07-03T11:13:54Z
30,432001,446400,0x43583c6e33c9628e16cf0c6507596a2fede09baba7a8d24d486b330af60948c4,1688382834000,2023-07-03T11:13:54Z,1688469234000,2023-07-04T11:13:54Z
31,446401,460800,0x5febf706705ef7be0dc4280cfa580681ac9a8a9ab32fbba6b1ed3e27794a667e,1688469234000,2023-07-04T11:13:54Z,1688555634000,2023-07-05T11:13:54Z
32,460801,475200,0xad0200b01528cfb762222fea95647a405f2c0a71abdde4396bb915875bcb7e81,1688555634000,2023-07-05T11:13:54Z,1688642034000,2023-07-06T11:13:54Z
33,475201,489600,0x8f0e2b8583a6a915f85d1577e43d5a24f6d1ee895693e98528781d6f9ee48377,1688642034000,2023-07-06T11:13:54Z,1688728434000,2023-07-07T11:13:54Z
34,489601,504000,0x564ce76912622c9796f9ef60b4052d8b142cb2ad92ca7983eb36d277bdeb00dd,1688728434000,2023-07-07T11:13:54Z,1688814834000,2023-07-08T11:13:54Z
35,504001,518400,0x7e90a63a841eb72e5ee250eff941bb12a258a3a6f9925a999dbf08fe32863263,1688814834000,2023-07-08T11:13:54Z,1688901234000,2023-07-09T11:13:54Z
36,518401,532800,0x109e4ea5519601f5507eaa4812431f4707d7971ac510025a84b08ba7d3964e55,1688901234000,2023-07-09T11:13:54Z,1688987634000,2023-07-10T11:13:54Z
37,532801,547200,0xa8c9524eb70a8fb61f47a6d26ef030c6ea1b590e188d8f07cfc7735385040899,1688987634000,2023-07-10T11:13:54Z,1689074034000,2023-07-11T11:13:54Z
38,547201,561600,0x06cd01610b5c65abc011e5b144c90ade962c81f71d57f526c5dff4ffc01e9ca9,1689074034000,2023-07-11T11:13:54Z,1689160434000,2023-07-12T11:13:54Z
39,561601,576000,0x6b10fe9b5c199e4ef6845298902034678b163d3e6f4d660217d48f8c2c46394d,1689160434000,2023-07-12T11:13:54Z,1689246834000,2023-07-13T11:13:54Z
40,576001,590400,0x839e69a786f4c62ecebde2e1c2f3a9c3d9fcbd2951e95cb8c1d7c852ffb5177d,1689246834000,2023-07-13T11:13:54Z,1689333234000,2023-07-14T11:13:54Z
41,590401,604800,0x0964efb973e47095a062e2a0c9a3aa37b31f2e40de7bc771db2ab0601a8a2840,1689333234000,2023-07-14T11:13:54Z,1689419634000,2023-07-15T11:13:54Z
42,604801,619200,0x0f4f6f94e42f8dacb6b59601d38ffa862d098daabe896f4a449417d28bb3ec9e,1689419634000,2023-07-15T11:13:54Z,1689506034000,2023-07-16T11:13:54Z
43,619201,633600,0xb7dad87ea321960235104979d9557add35c4f9e59fe62fe73ecbd1130e31dc23,1689506034000,2023-07-16T11:13:54Z,1689592434001,2023-07-17T11:13:54Z
44,633601,648000,0x4ccf3fa64340c6f1d6aff1697ed4d5e2161101e8e14b1eced4375a6aaea40e02,1689592434001,2023-07-17T11:13:54Z,1689678834000,2023-07-18T11:13:54Z
45,648001,662400,0x4da7bd765713d1872b4dc779b5e9340eb4d43808840565eb12d5cc21519be478,1689678834000,2023-07-18T11:13:54Z,1689765234000,2023-07-19T11:13:54Z
46,662401,676800,0x764964547d4c43c3776cec57efdc5de837716af20b6a19218dd50b9786d7c8e4,1689765234000,2023-07-19T11:13:54Z,1689851634000,2023-07-20T11:13:54Z
47,676801,691200,0xc7c82544ebd4a5d782255e692626c990817c209ff839220dd7708df71eef5a3e,1689851634000,2023-07-20T11:13:54Z,1689938034000,2023-07-21T11:13:54Z
48,691201,705600,0x4c4b722a201d700a978f7f14c1f0c5d8a4516b979f03767136d8114052ac5da2,1689938034000,2023-07-21T11:13:54Z,1690024434000,2023-07-22T11:13:54Z
49,705601,720000,0xdcb3cde8ef512a216a3be493c5e338a5c03e6e9dc7c7382f4363c6dc02002a8c,1690024434000,2023-07-22T11:13:54Z,1690110834000,2023-07-23T11:13:54Z
50,720001,734400,0xed4bf6dbcde7e8c7f7e07324a34fbdeb53126aeea6be09acded5ca53dfeac28f,1690110834000,2023-07-23T11:13:54Z,1690197234000,2023-07-24T11:13:54Z
51,734401,748789,0x7e72f5a557d471cb236dfc144e643c942e78cd5423cdf90aeba928721c948ee8,1690197234000,2023-07-24T11:13:54Z,1690283634001,2023-07-25T11:13:54Z
52,748790,763177,0x82eb2cf241227474ab03343d9cc56e038ff41f78c3d63a8bd569dcecb9095d0e,1690283634001,2023-07-25T11:13:54Z,1690370034000,2023-07-26T11:13:54Z
53,763178,777577,0x6597f02688fd743d2cc499679a510e227b648411ecfd4928db70fe1fd1114807,1690370034000,2023-07-26T11:13:54Z,1690456434000,2023-07-27T11:13:54Z
54,777578,791977,0xa9ca6a446a0d972dd8c3522850bae02a83c21d4f464021399327f1804d6193b6,1690456434000,2023-07-27T11:13:54Z,1690542834001,2023-07-28T11:13:54Z
55,791978,806377,0x9a576d0222eb892e52ad0275019157d3d01f1a736476c81f2233d41b71423759,1690542834001,2023-07-28T11:13:54Z,1690629234000,2023-07-29T11:13:54Z
56,806378,820777,0x041eb984cccab8bd7ac842a9f05434744520af5bfac6176313b9d12be1d22651,1690629234000,2023-07-29T11:13:54Z,1690715634000,2023-07-30T11:13:54Z
57,820778,835177,0xa524571fb7db3b7d628e3eed6ce3e9059816fc38ce1461de553eba32fd0d6fa4,1690715634000,2023-07-30T11:13:54Z,1690802034000,2023-07-31T11:13:54Z
58,835178,849577,0x35c077cbb25604c5e35263ed59f9ca3c5e672f0bc85b7f1f0f5c1a4956a2076f,1690802034000,2023-07-31T11:13:54Z,1690888434000,2023-08-01T11:13:54Z
59,849578,863977,0xa4ca1d1f5001e2ac9b83a7c986bcb9383cac28d5ec22eae4fe7fb45b592dac92,1690888434000,2023-08-01T11:13:54Z,1690974834001,2023-08-02T11:13:54Z
60,863978,878377,0xc78f2fd6c912f83ccfb2dcfb9b78769b47be5d9bf714ffd7863474cc4795fc07,1690974834001,2023-08-02T11:13:54Z,1691061234000,2023-08-03T11:13:54Z
61,878378,892777,0xce096a18255f4b0bc22fd7311f37a107d7ab7f17eff54aa2508307733aef6107,1691061234000,2023-08-03T11:13:54Z,1691147634000,2023-08-04T11:13:54Z
62,892778,907177,0xb9e7c1bd15ff99c7d6431e242eaed054026446df2f179a7d0cf22ae6747aed01,1691147634000,2023-08-04T11:13:54Z,1691234034001,2023-08-05T11:13:54Z
63,907178,921577,0xd383a7ef3e0c960e83b533acbf764bb8cb3323c640f9aeb7845f4c82822600fd,1691234034001,2023-08-05T11:13:54Z,1691320434000,2023-08-06T11:13:54Z
64,921578,935977,0xfb050c76da5eac088a0bf6f47c032b1e177b771b7ea937e095cacd0d388a9e74,1691320434000,2023-08-06T11:13:54Z,1691406834000,2023-08-07T11:13:54Z
65,935978,950377,0x83144b43ce967aea01bfdd0bfcba25767817113c7c701c4694d36d70049234c7,1691406834000,2023-08-07T11:13:54Z,1691493234000,2023-08-08T11:13:54Z
66,950378,964777,0xef6f380302d9fe3e1aa95a4c88598ec32874c1a7bec2b4c0632b5a5b7e8a3a98,1691493234000,2023-08-08T11:13:54Z,1691579634000,2023-08-09T11:13:54Z
67,964778,979177,0x6c66794b81f3c6e451841af0b4bbbae9eba8801a14d8cf5d07c868a2915f8350,1691579634000,2023-08-09T11:13:54Z,1691666034000,2023-08-10T11:13:54Z
68,979178,993577,0xa00176248eca56c940deb29114e50569bf69d8f49a432db76f918d41596acc64,1691666034000,2023-08-10T11:13:54Z,1691752434000,2023-08-11T11:13:54Z
69,993578,1007977,0xb2917b44dfa16e988879b7c9a107fe8b94950f1d21b8af75821dc60196e4cc98,1691752434000,2023-08-11T11:13:54Z,1691838834001,2023-08-12T11:13:54Z
70,1007978,1022377,0x1869725a4431adec82924b271064ce52ce596d99849a9d49e55203fab8c6714c,1691838834001,2023-08-12T11:13:54Z,1691925234001,2023-08-13T11:13:54Z
71,1022378,1036777,0x1c5246d0470e0e624a49d5fef5018e6a9f3c0e0103d52d24444179b8e0e90091,1691925234001,2023-08-13T11:13:54Z,1692011634001,2023-08-14T11:13:54Z
72,1036778,1051177,0x3faa6da1f84abc4c1f1bab8c39bf8b8565dace8dd32a6436a74732e3ef53b7e1,1692011634001,2023-08-14T11:13:54Z,1692098034000,2023-08-15T11:13:54Z
73,1051178,1065577,0x13f4c4a4b709b66faaa66bd5838d23bd6041ca746c79aa81149c5380954a309e,1692098034000,2023-08-15T11:13:54Z,1692184434001,2023-08-16T11:13:54Z
74,1065578,1079977,0xaaeed5b8175b165c7f31746e16df5c60e7ff62f2c285413620d643ea6d8c16ff,1692184434001,2023-08-16T11:13:54Z,1692270834000,2023-08-17T11:13:54Z
75,1079978,1094377,0x2794c9c40a1c7585099393c4f65b9d3aac7d3bec240cb375d687f743523c3bf4,1692270834000,2023-08-17T11:13:54Z,1692357234000,2023-08-18T11:13:54Z
76,1094378,1108777,0x9e52835e8e332d2ad87a98ea41afdd059f266b997937f006faec698ebcc4fd07,1692357234000,2023-08-18T11:13:54Z,1692443634000,2023-08-19T11:13:54Z
77,1108778,1123177,0x05a10b22e054c3349673be69d8bdd86b92287bc2ba9a3c90acaac0218f5d290f,1692443634000,2023-08-19T11:13:54Z,1692530034001,2023-08-20T11:13:54Z
78,1123178,1137577,0x0b5b47e8f612ce37e8dbbb38f6500527cdcfe08b7d6efb3608c8fac79f1bd3e3,1692530034001,2023-08-20T11:13:54Z,1692616434000,2023-08-21T11:13:54Z
79,1137578,1151977,0x573934e3d826680d6ccbc2b245a7249553b5b42227a5f089cda39b0e45831a2f,1692616434000,2023-08-21T11:13:54Z,1692702834000,2023-08-22T11:13:54Z
80,1151978,1166377,0x9e649ca4ff3d03c654426afb65a86114493e95ab5dc7c58badeb7962d4415644,1692702834000,2023-08-22T11:13:54Z,1692789234000,2023-08-23T11:13:54Z
81,1166378,1180777,0x840a33069689501047055201a5f8175e1c28368eb2e283996f3b6c7be1457b2b,1692789234000,2023-08-23T11:13:54Z,1692875634000,2023-08-24T11:13:54Z
82,1180778,1195177,0x785fe8a6d957c6fe9e3a43c73366987845d740b276a9aeb70ad19715d54655d1,1692875634000,2023-08-24T11:13:54Z,1692962034001,2023-08-25T11:13:54Z
83,1195178,1209577,0x82290c2bc9191ce6235636e0b1b266d63c0d97d466c83e89f3ef5295182f993a,1692962034001,2023-08-25T11:13:54Z,1693048434000,2023-08-26T11:13:54Z
84,1209578,1223977,0xa66a84ea993061b327f3c41f0dbceb2fbd6682f081d742fe7cefcd90c8139d54,1693048434000,2023-08-26T11:13:54Z,1693134834000,2023-08-27T11:13:54Z
85,1223978,1238377,0x06530f3d665111928e7e9476043b5702b7d540a1f2622a445fa4c061722fee2f,1693134834000,2023-08-27T11:13:54Z,1693221234000,2023-08-28T11:13:54Z
86,1238378,1252777,0x9673bfda866689512027cec19eaf5cb9245ed3817f41936b4b4433d39ef3a891,1693221234000,2023-08-28T11:13:54Z,1693307634000,2023-08-29T11:13:54Z
87,1252778,1267177,0xa81c88402480e5cc3cd9166ac7d79354a780facd596973ffbdc7626edb4590fb,1693307634000,2023-08-29T11:13:54Z,1693394034000,2023-08-30T11:13:54Z
88,1267178,1281577,0xfadcaf5874f39c023b05968d45be8c82646fa0f3ab7f2a0c7d0a326fa24b7b69,1693394034000,2023-08-30T11:13:54Z,1693480434001,2023-08-31T11:13:54Z
89,1281578,1295977,0xe996a33ece2026ff96bc36f744e77477ce33bc48395ef516074d19016296c085,1693480434001,2023-08-31T11:13:54Z,1693566834000,2023-09-01T11:13:54Z
90,1295978,1310377,0x797b1d706cdcddd8cdda10d04873fe63f7de922fc126e10fa1b4cd2c33bdbf13,1693566834000,2023-09-01T11:13:54Z,1693653234001,2023-09-02T11:13:54Z
91,1310378,1324777,0xc0c78f478ba0be7005d6acab66af21dfc943d0671c8f1866867ace98801e0f17,1693653234001,2023-09-02T11:13:54Z,1693739634000,2023-09-03T11:13:54Z
92,1324778,1339177,0xccd4dea416a5fac51599aae1df638e8142b8aaa321fe92d2d9bdf22ca98ff47b,1693739634000,2023-09-03T11:13:54Z,1693826034000,2023-09-04T11:13:54Z
93,1339178,1353555,0x896b4097a9941231f2b834aac2366fa7b655ca3c6a206f8a3397640f31327746,1693826034000,2023-09-04T11:13:54Z,1693912434001,2023-09-05T11:13:54Z
94,1353556,1367955,0x9cc5f372f80112185185d17fa89ec43525eafbcecebdf58c48ed7dd2ceb7fc47,1693912434001,2023-09-05T11:13:54Z,1693998834000,2023-09-06T11:13:54Z
95,1367956,1382355,0xded11af01dc15e89b3c05037d5bccaf3da61c1bdf6beacafab87797d02759b4c,1693998834000,2023-09-06T11:13:54Z,1694085234000,2023-09-07T11:13:54Z
96,1382356,1396755,0x0ed79d45d1e59ead01137407cb9676c2e59e00cf7aa64a41e9cfbbaee84021fd,1694085234000,2023-09-07T11:13:54Z,1694171634000,2023-09-08T11:13:54Z
97,1396756,1646354,0x55180b15bdb7e657d7febe9f8b7cb27a02f09bd47a41fe3bf22b93da6b597353,1694171634000,2023-09-08T11:13:54Z,1695669234000,2023-09-25T19:13:54Z
98,1646355,1660754,0x0d8cfb24effed833ed8582ea7f861e54fb48d51a9fb8f9606ab5ae2f993ba5eb,1695669234000,2023-09-25T19:13:54Z,1695755634000,2023-09-26T19:13:54Z
99,1660755,1675154,0xb6aacb3ab11ef1ed087f97e58663fc5fe45b5188991eddea7bff335017aa8602,1695755634000,2023-09-26T19:13:54Z,1695842034001,2023-09-27T19:13:54Z
100,1675155,1689554,0x18477f18689d35fa2b4ce31186da4fbaf256f4e8ddcca34e6f6f29d0ee9f8460,1695842034001,2023-09-27T19:13:54Z,1695928434000,2023-09-28T19:13:54Z
101,1689555,1703954,0x60aa1786169b66aa1fc35b61a06dfa7017712e960959fc6214725f00d9393de4,1695928434000,2023-09-28T19:13:54Z,1696014834001,2023-09-29T19:13:54Z
102,1703955,1718354,0x27ef6273bb23d1feffef46bd6f2858b6553c01f90408f8e30ec04d0f235eb04a,1696014834001,2023-09-29T19:13:54Z,1696101234000,2023-09-30T19:13:54Z
103,1718355,1732754,0x3b52c4a3a21d2d62e38e6be661792e4e5de23a49456cfcfbb9a9a2467aac79f4,1696101234000,2023-09-30T19:13:54Z,1696187634000,2023-10-01T19:13:54Z
104,1732755,1747154,0x4cc3c9e1b8db1dbd5fff3882fdf2dd792d7211c20524ad6a7538948011a3cd9e,1696187634000,2023-10-01T19:13:54Z,1696274034000,2023-10-02T19:13:54Z
105,1747155,1761554,0x821d227e729f2e17fa230fa7be7182a3b5850edfe2292da53f2c8edba96ea071,1696274034000,2023-10-02T19:13:54Z,1696360434000,2023-10-03T19:13:54Z
106,1761555,1775954,0x8dc7c3aa418d3e94ce673623e1a29dbdd7e1f68f0e0e66b0e4704beb6e17fe61,1696360434000,2023-10-03T19:13:54Z,1696446834000,2023-10-04T19:13:54Z
107,1775955,1790354,0x3c964ba0a6cfbc561aa5ead4015ae749224d59dda5f5298e55afaf6e29809dc9,1696446834000,2023-10-04T19:13:54Z,1696533234000,2023-10-05T19:13:54Z
108,1790355,1804754,0x98c7c465beb3ea69cf9b49410c59664a07ca5f1e8cb4745f0a9136dc4f63a542,1696533234000,2023-10-05T19:13:54Z,1696619634001,2023-10-06T19:13:54Z
109,1804755,1819154,0xe0679c48b57c0f806b48392fb42300226f5aa40d91daa757a53d24e5db4c643a,1696619634001,2023-10-06T19:13:54Z,1696706034000,2023-10-07T19:13:54Z
110,1819155,1833554,0x3158d3821539c2fb54e503ae3bea761651bf8e50eda5b46b2e7865af393f518e,1696706034000,2023-10-07T19:13:54Z,1696792434001,2023-10-08T19:13:54Z
111,1833555,1847034,0xc17cb7bcdcb79a877a177391124a2e2c58b5d81fe8b235db1deb2d64efa871dc,1696792434001,2023-10-08T19:13:54Z,1696878840000,2023-10-09T19:14:00Z
112,1847035,1861163,0xefdc830a3a03d299a03c30e16b462f42c1898969b35e3951189e9f8a193e6321,1696878840000,2023-10-09T19:14:00Z,1696965234001,2023-10-10T19:13:54Z
113,1861164,1875538,0xfb05ac341ec27ce788d9cb33e3bab89022e478f4d13c9c04883073dc293452df,1696965234001,2023-10-10T19:13:54Z,1697051634001,2023-10-11T19:13:54Z
114,1875539,1889257,0x62ee10d23c64365e4b65c0c74fffef68a4b3aa25ae82e8a516032fb72c8b4b74,1697051634001,2023-10-11T19:13:54Z,1697138136000,2023-10-12T19:15:36Z
115,1889258,1902774,0x9fb77bfc2ff572ae2f90f958775273367f3b30179f87175546fe5202d49eaaeb,1697138136000,2023-10-12T19:15:36Z,1697224434003,2023-10-13T19:13:54Z
116,1902775,1917154,0xad64da78b2daba4ba0915236f179db487946671ce586a467a80ca7e75c8181e7,1697224434003,2023-10-13T19:13:54Z,1697310834000,2023-10-14T19:13:54Z
117,1917155,1931554,0x70aac5d9c9c90fad1a819fd7aa70408cb43102afe9c767ee5ceffa363bf423c3,1697310834000,2023-10-14T19:13:54Z,1697397234000,2023-10-15T19:13:54Z
118,1931555,1945904,0x5179a399961299717a229571a518acba8b032cbae4f9748a5acc5729771dd948,1697397234000,2023-10-15T19:13:54Z,1697483634000,2023-10-16T19:13:54Z
119,1945905,1960302,0x6ecb05becdc593c41182373281a737aed547dc818b4d1320fae76913ee12ddb2,1697483634000,2023-10-16T19:13:54Z,1697570034001,2023-10-17T19:13:54Z
120,1960303,1974698,0x55690958fe3a4156f7726a57ce0f6d20ea8c55384bd8f2508f7a81f184cd8a29,1697570034001,2023-10-17T19:13:54Z,1697656434000,2023-10-18T19:13:54Z
121,1974699,1989097,0xdd76da3ee429f13dce0ee47403adb5528a69155c47dd30600e6eddab006beb1d,1697656434000,2023-10-18T19:13:54Z,1697742834001,2023-10-19T19:13:54Z
122,1989098,2003493,0x067852412e39b99b34087ba95e5d97e79a167f7b98a18463bffbff0e3be18275,1697742834001,2023-10-19T19:13:54Z,1697829234000,2023-10-20T19:13:54Z
123,2003494,2017893,0x51c2455c18c5134607c8df99b4a1c2b876350d4c8f28271c6cd0c0fdcf1790f1,1697829234000,2023-10-20T19:13:54Z,1697915634000,2023-10-21T19:13:54Z
124,2017894,2032252,0x65f6bf71f282f421fd522a0e85e63da7be0327df5322d351011b0d204a51e968,1697915634000,2023-10-21T19:13:54Z,1698002034000,2023-10-22T19:13:54Z
125,2032253,2046652,0xb19af22ed095543844a707b50653ce711727a9d651cc1f92542ffb7684991033,1698002034000,2023-10-22T19:13:54Z,1698088434001,2023-10-23T19:13:54Z
126,2046653,2061052,0xfdf3810bc1aabfbae14598a3254fd61f7461b5368c1bf83526021dd308792270,1698088434001,2023-10-23T19:13:54Z,1698174834001,2023-10-24T19:13:54Z
127,2061053,2075452,0xb8fac51a8cc8757303c26ed123de92ab1e2b4571498cda8360e0269b563953b5,1698174834001,2023-10-24T19:13:54Z,1698261234000,2023-10-25T19:13:54Z
128,2075453,2089852,0x25a3918c3c5a20c3d4969f7bc205162d226feac0448bc886601f871d3f594101,1698261234000,2023-10-25T19:13:54Z,1698347634000,2023-10-26T19:13:54Z
129,2089853,2104246,0xa0d72d1765fac8457566d7b1c39d8119ef123d02d257d00ae564635dc8c51034,1698347634000,2023-10-26T19:13:54Z,1698434034000,2023-10-27T19:13:54Z
130,2104247,2118646,0x86d34d18c38e225e85d208f37c05fe1edd920266028c23757095820d9ba36903,1698434034000,2023-10-27T19:13:54Z,1698520434000,2023-10-28T19:13:54Z
131,2118647,2133046,0xcb8ca628e60a57054cb6f42a0ade327c792dd29ae03ad01d1d3151e826126b61,1698520434000,2023-10-28T19:13:54Z,1698606834000,2023-10-29T19:13:54Z
132,2133047,2147446,0x5363c598c83223dbe05085c49aecedfbb533fd8db50b5c56a432305d9c0d7eb2,1698606834000,2023-10-29T19:13:54Z,1698693234000,2023-10-30T19:13:54Z
133,2147447,2161845,0x7693e1751be334a16cbb7650079159b1ec22621ad4e878e0188dfca180cb03e7,1698693234000,2023-10-30T19:13:54Z,1698779634001,2023-10-31T19:13:54Z
134,2161846,2176245,0x6f0a85891d75d4a53b4af8f311d5846e648490e227b7c666d686d46a17c70290,1698779634001,2023-10-31T19:13:54Z,1698866034000,2023-11-01T19:13:54Z
135,2176246,2190634,0x5ebaee82c75b8cfe51bf3b56fb65acb50f714057c6770efb27a8764459cf1a16,1698866034000,2023-11-01T19:13:54Z,1698952434000,2023-11-02T19:13:54Z
136,2190635,2205034,0x486c5dc903ea61b037f72f480d11628b2c92cbc29a2450856ca70772f699faa5,1698952434000,2023-11-02T19:13:54Z,1699038834000,2023-11-03T19:13:54Z
137,2205035,2219433,0xf4508cba4c027fa2b9f9d06259814bb65a1937d9ed0d97f3ba3d0059f90c68f1,1699038834000,2023-11-03T19:13:54Z,1699125234001,2023-11-04T19:13:54Z
138,2219434,2233832,0xd9494c8be713e65fbe5c4981251b52fcf5640f02e2134c146739b2a88a63fe2a,1699125234001,2023-11-04T19:13:54Z,1699211634001,2023-11-05T19:13:54Z
139,2233833,2248231,0x4b6c8b0e075fa180fb06a7aa0ed524cbe8e736c7ae2c89011d9bde48d7fe4df4,1699211634001,2023-11-05T19:13:54Z,1699298034000,2023-11-06T19:13:54Z
140,2248232,2262631,0xaa0e54081d9e0176f10fbc3ffb3080614124cd4feba8907206e8a9ee1bfed985,1699298034000,2023-11-06T19:13:54Z,1699384434000,2023-11-07T19:13:54Z
141,2262632,2277024,0x9bca36a08123743dc4ac3488753e448460c7a6cd11ca91b072230d06dc29fcb3,1699384434000,2023-11-07T19:13:54Z,1699470834000,2023-11-08T19:13:54Z
142,2277025,2291424,0x49a9b2a1534d0ef3efa3e6a82216af2ae8646a53a74fd5c355bea42c423919b9,1699470834000,2023-11-08T19:13:54Z,1699557234000,2023-11-09T19:13:54Z
143,2291425,2305824,0x990381846ca589c7def35c5afa9ca7eab0c10c5808bcca94b062b65267bd4082,1699557234000,2023-11-09T19:13:54Z,1699643634000,2023-11-10T19:13:54Z
144,2305825,2320224,0x35c3817a2a7106738a7f4ee993e4c723a1013fdf4771e90384b267a4d8e1c2d3,1699643634000,2023-11-10T19:13:54Z,1699730034001,2023-11-11T19:13:54Z
145,2320225,2334624,0x7ea09d5539904041d68d90a39d17d910ad39771e6b78f67ac17935af18442f6f,1699730034001,2023-11-11T19:13:54Z,1699816434000,2023-11-12T19:13:54Z
146,2334625,2349023,0xb5d2ff3b4ce4fbba7c2d15cad316d46469b37536f32942b32d1b659d7e4590e1,1699816434000,2023-11-12T19:13:54Z,1699902834000,2023-11-13T19:13:54Z
147,2349024,2363423,0xd3bfa13877622b15b30dfbbc75dfb2abb1213af568f5827db54757c76c942658,1699902834000,2023-11-13T19:13:54Z,1699989234000,2023-11-14T19:13:54Z
148,2363424,2377823,0x39dcc1039ab9025ece2003dc0bd69ce11da64e74ca384c5e7066294ad4e112f1,1699989234000,2023-11-14T19:13:54Z,1700075634000,2023-11-15T19:13:54Z
149,2377824,2392212,0x4688751aecc307f8b16444bebe8d647ba1ca20424e9146a6414ea54a9e756ded,1700075634000,2023-11-15T19:13:54Z,1700162034001,2023-11-16T19:13:54Z
150,2392213,2406611,0xf747e3e03ec03951b0651947aef3a49e10df5c7008436942f1f598bf57b7975d,1700162034001,2023-11-16T19:13:54Z,1700248434000,2023-11-17T19:13:54Z
151,2406612,2421011,0xae18fe2492ddc153a8747b0d3142a5fbcd2339481c375e3400860cf2985638d7,1700248434000,2023-11-17T19:13:54Z,1700334834002,2023-11-18T19:13:54Z
152,2421012,2435398,0xcb35cb5045eb12f49cfa380829d7fa1a73ecf4d3fde1feb273627a4ec30e616e,1700334834002,2023-11-18T19:13:54Z,1700421234009,2023-11-19T19:13:54Z
153,2435399,2449798,0x130321e9b1b16ddc02389bc2bd9af8256143cca2ffd126905653e154311d5d2c,1700421234009,2023-11-19T19:13:54Z,1700507634000,2023-11-20T19:13:54Z
154,2449799,2464198,0x50b6550a0ba47699b768f6808c5f74d18600f2be7fe47856b50683f95ab39303,1700507634000,2023-11-20T19:13:54Z,1700594034000,2023-11-21T19:13:54Z
155,2464199,2478597,0xf0517e03f26bfc970d9eef008f9fd949d6160420419cfcf1df5c40cf0d146695,1700594034000,2023-11-21T19:13:54Z,1700680434001,2023-11-22T19:13:54Z
156,2478598,2492995,0x1bb3d5be19f565a72350f90a05bf315ffcf6edffa513e7958014f898a6a5fa6c,1700680434001,2023-11-22T19:13:54Z,1700766834000,2023-11-23T19:13:54Z
157,2492996,2507395,0x9abc9a2daeaaa3208490e012332e9975685fa56b89029ed547ccd82094695135,1700766834000,2023-11-23T19:13:54Z,1700853234000,2023-11-24T19:13:54Z
158,2507396,2521779,0x2305cf1d021cf04247796ebccd1a04686c0c359f59cd12cd69056fb5c2088ed0,1700853234000,2023-11-24T19:13:54Z,1700939634001,2023-11-25T19:13:54Z
159,2521780,2536165,0xf0a0c114fd4de54abceecfca24cc6c9cdd14eaf637acd6fab81d744a834fe84d,1700939634001,2023-11-25T19:13:54Z,1701026034000,2023-11-26T19:13:54Z
160,2536166,2550563,0x904c72a8f089f0405c6e5f40ebd5346db543f71ae3f3805a60b72a4d5bbbf018,1701026034000,2023-11-26T19:13:54Z,1701112434000,2023-11-27T19:13:54Z
161,2550564,2564962,0x22756a4ce25813bff30b6fc890d02c524f592900164958cadfe962632247c21b,1701112434000,2023-11-27T19:13:54Z,1701198834000,2023-11-28T19:13:54Z
162,2564963,2579352,0x85ad476144cd2af28605f12da0a277964b0b644f49e0f7ca4be4c6038dc01eec,1701198834000,2023-11-28T19:13:54Z,1701285234000,2023-11-29T19:13:54Z
163,2579353,2593749,0xaacc9a19cff849deb890f623a21efd03da5e49526fc0bf4bb1b96d074f123add,1701285234000,2023-11-29T19:13:54Z,1701371634000,2023-11-30T19:13:54Z
164,2593750,2608149,0xccb2c201c14a3ff982410b53ac4573f8a76865f838b073628b0eb0b52a84ff2d,1701371634000,2023-11-30T19:13:54Z,1701458034001,2023-12-01T19:13:54Z
165,2608150,2622549,0x1e94a7de1b0c96cc139968b15f1c7ef0595bbab63c2a1882fd5c2028b56b7a53,1701458034001,2023-12-01T19:13:54Z,1701544434001,2023-12-02T19:13:54Z
166,2622550,2636949,0x35f0e265ce90cbf30ab26689eb0000329fd1fad82c2559ccabc3874277d85502,1701544434001,2023-12-02T19:13:54Z,1701630834000,2023-12-03T19:13:54Z
167,2636950,2651337,0x1d40ee256655b5b5b86acb106d11e48c853a4193b954e3ec7d819b4b824505d7,1701630834000,2023-12-03T19:13:54Z,1701717234000,2023-12-04T19:13:54Z
168,2651338,2665548,0x509d78d95ff2d84cf519427152284bfa2636faa0e07a05fe1451800616ffd26c,1701717234000,2023-12-04T19:13:54Z,1701803634000,2023-12-05T19:13:54Z
169,2665549,2679948,0x67069a3f2c689bb3add92980e15ddd066a7a0c95be04a1d77f81049fdc588304,1701803634000,2023-12-05T19:13:54Z,1701890034000,2023-12-06T19:13:54Z
170,2679949,2694348,0x78a772d4c2f48dc6b4bc3d64fcc22c621f05eff068c43204c2db409bfdd3e9a9,1701890034000,2023-12-06T19:13:54Z,1701976434001,2023-12-07T19:13:54Z
171,2694349,2708748,0xf482a523f9c38995c5cc5695ba0fecf2634bd702d2849d2421f36b81f3ee88e6,1701976434001,2023-12-07T19:13:54Z,1702062834000,2023-12-08T19:13:54Z
172,2708749,2723148,0xfb09d8ab407e8953988981e159f5160abecc20ceb22b7d3d08296a5c7ff9c9fc,1702062834000,2023-12-08T19:13:54Z,1702149234000,2023-12-09T19:13:54Z
173,2723149,2737548,0x2513ac38a2c6cb49b4c986e224a5c5df5a188828d4aa8febdc429fa7a0ccb8b7,1702149234000,2023-12-09T19:13:54Z,1702235634000,2023-12-10T19:13:54Z
174,2737549,2751948,0x5342420e7f2e955f16b298e2d9a8752db2cd3afb91000ef1d7b1248179529996,1702235634000,2023-12-10T19:13:54Z,1702322034001,2023-12-11T19:13:54Z
175,2751949,2766339,0xb6d34f2a464d331a58365289903fbfa65aec7deb426eea28820b4c4e1f115a22,1702322034001,2023-12-11T19:13:54Z,1702408434000,2023-12-12T19:13:54Z
176,2766340,2780739,0x539f6e5b9e911cbb67a1144d1d481076b40d91ef0f772c917e7bddf00377dcc2,1702408434000,2023-12-12T19:13:54Z,1702494834000,2023-12-13T19:13:54Z
177,2780740,2795139,0x13185279353c252baba299bf542d2eace4fb6c2ec507dee392eeecfe48742831,1702494834000,2023-12-13T19:13:54Z,1702581234000,2023-12-14T19:13:54Z
178,2795140,2809539,0xcbb579d1c459b8fc94debb534a74c5a6b3ce7eee122b99772b7ef78a467c8bbd,1702581234000,2023-12-14T19:13:54Z,1702667634000,2023-12-15T19:13:54Z
179,2809540,2823939,0x08e5239b6f2de3d156477f6fc1f7095bf00c388832475cf552aa1af7afcb51cd,1702667634000,2023-12-15T19:13:54Z,1702754034001,2023-12-16T19:13:54Z
180,2823940,2838339,0x7ffd5e0eeda2b105f9b43de5807cd6a0e2aeef77f3b811dc767f5e146f89e385,1702754034001,2023-12-16T19:13:54Z,1702840434001,2023-12-17T19:13:54Z
181,2838340,2852738,0xa8a23e1a011eff62ab17213c0399166b9b2ab6aabe6a59620d4dbc052ee5aa0a,1702840434001,2023-12-17T19:13:54Z,1702926834001,2023-12-18T19:13:54Z
182,2852739,2867132,0x9fb35bb0268e1d16a75ebfed4759e7cfa29024d85926f7f6a8d1dff6bb055ea5,1702926834001,2023-12-18T19:13:54Z,1703013234000,2023-12-19T19:13:54Z
183,2867133,2881532,0x74960647bec78ebfa93cca7f13b888f6c42ef1c990e102385fe2a3ff332e2823,1703013234000,2023-12-19T19:13:54Z,1703099634001,2023-12-20T19:13:54Z
184,2881533,2895932,0x07866bfc5a53099a2794474bff5f24732d19b10b46396175df933c62c1955b90,1703099634001,2023-12-20T19:13:54Z,1703186034000,2023-12-21T19:13:54Z
185,2895933,2910332,0xa5c881e77377223baec1d58bbffbd3df5abc2a921cd79307573b3eac5746638d,1703186034000,2023-12-21T19:13:54Z,1703272434000,2023-12-22T19:13:54Z
186,2910333,2924732,0xf38822ac9812370b5659c64b135d21c2e00b15008f2de402135ebec88ebbac89,1703272434000,2023-12-22T19:13:54Z,1703358834000,2023-12-23T19:13:54Z
187,2924733,2939132,0x22def92c83f0c06a041104a6ec4477f3b90a5161a13783366ec6e72e419d6a2d,1703358834000,2023-12-23T19:13:54Z,1703445234001,2023-12-24T19:13:54Z
188,2939133,2953532,0xfe10d6126054c355ecbb40e151747624e7a54f38f0f6f9f5335bbd3527f56f65,1703445234001,2023-12-24T19:13:54Z,1703531634000,2023-12-25T19:13:54Z
189,2953533,2967932,0x534c37a652a0e3a2bd7d298f6f454d75aa410cfffbc1235959a445d910ac1396,1703531634000,2023-12-25T19:13:54Z,1703618034000,2023-12-26T19:13:54Z
190,2967933,2982332,0x7fae0c75c325a294a237144ecf60d0c30b85ccedb17847094c33454ebde856fe,1703618034000,2023-12-26T19:13:54Z,1703704434000,2023-12-27T19:13:54Z
191,2982333,2996732,0xa663e55dab77598ec9413a368401025c8e9c1732acf755e4d39017f58d99d589,1703704434000,2023-12-27T19:13:54Z,1703790834000,2023-12-28T19:13:54Z
192,2996733,3011132,0xbd8313f79c2231c121bf19d74d3e1b27455ca904dab969d6666701d6a239c53f,1703790834000,2023-12-28T19:13:54Z,1703877234000,2023-12-29T19:13:54Z
193,3011133,3025532,0xda82e36e1b88e7e7aa8ddbd3dc3ac897d31e406a688a129d26aecf434fb86728,1703877234000,2023-12-29T19:13:54Z,1703963634000,2023-12-30T19:13:54Z
194,3025533,3039932,0xc6380f55a2c4bb32d838c6b11ae0ff27328417842a91bf8deb3698637ebc5d16,1703963634000,2023-12-30T19:13:54Z,1704050034000,2023-12-31T19:13:54Z
195,3039933,3054332,0xb7c0d29e9dbfa625b217c796c20973fad834c76bbb2f3b4d7b98311c43f58532,1704050034000,2023-12-31T19:13:54Z,1704136434001,2024-01-01T19:13:54Z
196,3054333,3068732,0xe1227aeac63ea670fff025580c7779743626af30a5d8a1e2391072f38eb2da70,1704136434001,2024-01-01T19:13:54Z,1704222834000,2024-01-02T19:13:54Z
197,3068733,3083132,0xc4e5f89d10476fa3b445807c193081a63bd49441609a31373f2c05d61a66f5ea,1704222834000,2024-01-02T19:13:54Z,1704309234000,2024-01-03T19:13:54Z
198,3083133,3097532,0x12118fd34f1729d37a72048af448b92369b04346fc02cd9233df4f72e480a65c,1704309234000,2024-01-03T19:13:54Z,1704395634000,2024-01-04T19:13:54Z
199,3097533,3111932,0xf690170a9226994197ccda86b4d8a21c0764dccecd80c82c8d1208e609b3f1c5,1704395634000,2024-01-04T19:13:54Z,1704482034000,2024-01-05T19:13:54Z
200,3111933,3126332,0x3be762b63187dee186cb83dec902413ac57ed8aae163a17b928e5f65b0f6db13,1704482034000,2024-01-05T19:13:54Z,1704568434001,2024-01-06T19:13:54Z
201,3126333,3140732,0x5ab78b0c8e28e4000664a1ee87f7a8f6aa75931a36a7e38535466783df6c2311,1704568434001,2024-01-06T19:13:54Z,1704654834000,2024-01-07T19:13:54Z
202,3140733,3155132,0xd9fedc660825648a1fc2e6a0ed1470d2116963b04fedd56b812063a601c0c0a6,1704654834000,2024-01-07T19:13:54Z,1704741234000,2024-01-08T19:13:54Z
203,3155133,3169532,0xd2a7a055b688c8e90ef5be28b8ccf96ef1edf9493b3aa560b8ed77f0affc1352,1704741234000,2024-01-08T19:13:54Z,1704827634000,2024-01-09T19:13:54Z
204,3169533,3183932,0xd7acb813a6e5e670286a32ce6b06d5562b54fa76692284fc863ebf0fc91e68b9,1704827634000,2024-01-09T19:13:54Z,1704914034000,2024-01-10T19:13:54Z
205,3183933,3198332,0xa4c9deaad7dcb5b31babec1dbfc9c41cee005723b0779de161d12f2ff61f9474,1704914034000,2024-01-10T19:13:54Z,1705000434000,2024-01-11T19:13:54Z
206,3198333,3212732,0x28c83f93d20737fae83a0ca4dfb25dd0fa48e99414c2f87cd15e4bcc58388d7d,1705000434000,2024-01-11T19:13:54Z,1705086834000,2024-01-12T19:13:54Z
207,3212733,3227132,0x559213f96bd68e0ed997279874fb82f77b8e46da447b15f4eb68775f5ef78f93,1705086834000,2024-01-12T19:13:54Z,1705173234000,2024-01-13T19:13:54Z
208,3227133,3241532,0xd3643874970505a19a2c74f8df28a19299d3fb3782e34a5766b292034649bda6,1705173234000,2024-01-13T19:13:54Z,1705259634000,2024-01-14T19:13:54Z
209,3241533,3255932,0xe34761122c27e5d1aaeabe2fcb64161ac864b3d1f6e357b1d309a0e5cd46ff20,1705259634000,2024-01-14T19:13:54Z,1705346034000,2024-01-15T19:13:54Z
210,3255933,3270332,0x6c93cb11b2519114acf8fbbf4a68d4863027e1435f9a2ed46c1fa19b58afc8d9,1705346034000,2024-01-15T19:13:54Z,1705432434000,2024-01-16T19:13:54Z
211,3270333,3284732,0xa243783c258e73753bc496cb49256432f3544e8881faaebfd513ec3cee287820,1705432434000,2024-01-16T19:13:54Z,1705518834000,2024-01-17T19:13:54Z
212,3284733,3299132,0xfc2bba054dc9e94f3e3471153936ca1405b592e0b2c8d3d47282097b95849043,1705518834000,2024-01-17T19:13:54Z,1705605234000,2024-01-18T19:13:54Z
213,3299133,3313532,0xfc32fd009911bfa12fba7bcda2ae314301438ba4170c36399c5dc677d747bd7d,1705605234000,2024-01-18T19:13:54Z,1705691634000,2024-01-19T19:13:54Z
214,3313533,3327932,0x456fd8411db18b8601cbfc2134eaff32dc7f334c5da240a17fdcfc05c3b096f2,1705691634000,2024-01-19T19:13:54Z,1705778034001,2024-01-20T19:13:54Z
215,3327933,3342332,0x16749851ae0a7348fb2b6a736dee036843a55e851aa41abb676be03851dcf284,1705778034001,2024-01-20T19:13:54Z,1705864434008,2024-01-21T19:13:54Z
216,3342333,3356471,0xf64dce51da5deb43cb154c77e88fe1a20c8c77b6e3ccaa1d1b0333e888bb1188,1705864434008,2024-01-21T19:13:54Z,1705950834000,2024-01-22T19:13:54Z
217,3356472,3370863,0x16030b736421e276a65b217d3f11b7be068931a059658a7f5377f760a6ccae61,1705950834000,2024-01-22T19:13:54Z,1706037234000,2024-01-23T19:13:54Z
218,3370864,3385263,0x10b10df95e844e866e3234f27226c5c52169112d6a548a22eca1663d0facf83a,1706037234000,2024-01-23T19:13:54Z,1706123634000,2024-01-24T19:13:54Z
219,3385264,3399663,0x6f3bab34d1a79c813ac23cd26dc22fec7d933d8b941a5b115404eb4d4feede3d,1706123634000,2024-01-24T19:13:54Z,1706210034000,2024-01-25T19:13:54Z
220,3399664,3414063,0x9f04839338fe18389f68a5daeb57a470444e317b087d97843e42cc3aa93f231b,1706210034000,2024-01-25T19:13:54Z,1706296434000,2024-01-26T19:13:54Z
221,3414064,3428463,0xfec0144fff8d6840004dbd4e146fbf55c894fe7db26b5dacc81a5dda839c378c,1706296434000,2024-01-26T19:13:54Z,1706382834000,2024-01-27T19:13:54Z
222,3428464,3442863,0x214bb6dc3327fb707162cadf3400f08f86635d00f1da2936077b8ea9e01371fa,1706382834000,2024-01-27T19:13:54Z,1706469234000,2024-01-28T19:13:54Z
223,3442864,3457263,0x590166d4f53f8fb7a1b37f10a02be93cb8bee9933825c771abe1d0fd1f760927,1706469234000,2024-01-28T19:13:54Z,1706555634001,2024-01-29T19:13:54Z
224,3457264,3471663,0xeca67a9ad767482a91dfddc2aa795f420b82591d30539f828db6e925ffacef9e,1706555634001,2024-01-29T19:13:54Z,1706642034001,2024-01-30T19:13:54Z
225,3471664,3486063,0xb2113b9e3fb0bd55685983bdeab77da18bd98dff460925cb94b22adb7c3e87bd,1706642034001,2024-01-30T19:13:54Z,1706728434000,2024-01-31T19:13:54Z
226,3486064,3500463,0x52a1e8e00fa7babeaec982870c5044d11406390affac6ec2501c696da4073b17,1706728434000,2024-01-31T19:13:54Z,1706814834000,2024-02-01T19:13:54Z
227,3500464,3514863,0x558213cf13544d39f32ce30f3ee1a8473c17be236eaa28b950087c8e82775f12,1706814834000,2024-02-01T19:13:54Z,1706901234000,2024-02-02T19:13:54Z
228,3514864,3529263,0xbcf2f5df4a1b6d818d574aff64187ab5bddc02c16fe0819a8efc8c560d98ea34,1706901234000,2024-02-02T19:13:54Z,1706987634000,2024-02-03T19:13:54Z
229,3529264,3543663,0x6619a15c28ce7919a3d76b2e6db3bfa88c285884c1a00a20ec95479aaff627a2,1706987634000,2024-02-03T19:13:54Z,1707074034000,2024-02-04T19:13:54Z
230,3543664,3558063,0x78abbaade9db8d579bad5d11c3af0fb36de7643da3b0db0a47bb15eef1ed4ccc,1707074034000,2024-02-04T19:13:54Z,1707160434000,2024-02-05T19:13:54Z
231,3558064,3572463,0x4368e9777483d57a821e5c86619b30ee516a07e0278a918e453113b90f4089dc,1707160434000,2024-02-05T19:13:54Z,1707246834000,2024-02-06T19:13:54Z
232,3572464,3586863,0x8d475c3db6a173912e1e6889ad17c9d8fef169124dbc1f66b843e637bc1890fd,1707246834000,2024-02-06T19:13:54Z,1707333234000,2024-02-07T19:13:54Z
233,3586864,3601263,0xf83024d0b7974eca698e4dc5eba31eb86abf265d9e618a3bfea2b1564728c8f0,1707333234000,2024-02-07T19:13:54Z,1707419634001,2024-02-08T19:13:54Z
234,3601264,3615653,0x61e9b3dc6b0b2932ed588790a382cb0d097b29ae7b3615948d63c61c6676d808,1707419634001,2024-02-08T19:13:54Z,1707506034000,2024-02-09T19:13:54Z
235,3615654,3630014,0xe7e6a064a9d67d17f61ea6e86948199f2107dbbafbd2b64d34ae262613313a28,1707506034000,2024-02-09T19:13:54Z,1707592434000,2024-02-10T19:13:54Z
236,3630015,3644414,0xf8d35b2c550d8ce85c37fb2b4fc2afa9b8e988d865a8f324b13c552658264646,1707592434000,2024-02-10T19:13:54Z,1707678834000,2024-02-11T19:13:54Z
237,3644415,3658814,0xfb93c22c65beb15e852652e25739265809aa118b293f4f423af019189b04c374,1707678834000,2024-02-11T19:13:54Z,1707765234001,2024-02-12T19:13:54Z
238,3658815,3673214,0x24517777eb6293516a2e21a61de069116ef1c0487f14e31ff6c49c71fb1c2a64,1707765234001,2024-02-12T19:13:54Z,1707851634000,2024-02-13T19:13:54Z
239,3673215,3687614,0x458038988b386d1f355025941ce931da89a9cf93eaed5b9d1d5a8b12c4f105e2,1707851634000,2024-02-13T19:13:54Z,1707938034001,2024-02-14T19:13:54Z
240,3687615,3702014,0x8d1221039ee6e5c394020e25f467a6d3431c7dacc3d54de167ef115fc0fe1d48,1707938034001,2024-02-14T19:13:54Z,1708024434000,2024-02-15T19:13:54Z
241,3702015,3716413,0xb8c5bb145451042d48670ba463b7f3021c86ead1e688f30438032ddd792efa1b,1708024434000,2024-02-15T19:13:54Z,1708110834001,2024-02-16T19:13:54Z
242,3716414,3730813,0x8bf6a89c582f951b3ad3f1830403e004333563361b6eba35801e4cb32c79dff3,1708110834001,2024-02-16T19:13:54Z,1708197234000,2024-02-17T19:13:54Z
243,3730814,3745212,0x0e480f9645866cd5ef62f378a02bf14e6bb9cf9d4dd272e8337eeb6351f15644,1708197234000,2024-02-17T19:13:54Z,1708283634000,2024-02-18T19:13:54Z
244,3745213,3759612,0xa6a4c75cfc28680c3b5242e6ab3314d5e1bd7548299e1cc3c5dc1147803242e7,1708283634000,2024-02-18T19:13:54Z,1708370034000,2024-02-19T19:13:54Z
245,3759613,3774009,0xe309673e9509a9fc194c2b9c39fa85658e98f67cf8760a66cdaef445d1802b2f,1708370034000,2024-02-19T19:13:54Z,1708456434001,2024-02-20T19:13:54Z
246,3774010,3788409,0xb47ac0e1c66254594b434168ebc966a95005702c083b3957e2bc948d6ec61cc2,1708456434001,2024-02-20T19:13:54Z,1708542834000,2024-02-21T19:13:54Z
247,3788410,3802809,0x2ac8b3f04723985d014a0417d565a6e97e2171704f15f5ba90aa63f94f3e6fbe,1708542834000,2024-02-21T19:13:54Z,1708629234000,2024-02-22T19:13:54Z
248,3802810,3817209,0x3541c7b872c9b6fe3d4e9d80cc11cc27321f61715294d698e40083f02c98b25a,1708629234000,2024-02-22T19:13:54Z,1708715634000,2024-02-23T19:13:54Z
249,3817210,3831609,0x881a13bf938d166f86db9d74428a3c4e0662cac95454c498095f7f6bdfdb4b12,1708715634000,2024-02-23T19:13:54Z,1708802034000,2024-02-24T19:13:54Z
250,3831610,3846009,0xcb74d60584149256d30136bdd164cd8f6f990498b30be18cbbc835ed4891eda7,1708802034000,2024-02-24T19:13:54Z,1708888434000,2024-02-25T19:13:54Z
251,3846010,3860409,0x04b18d77bf4e9c689b7b96de32266122017a205fb9cae442b1de5ecf252f2501,1708888434000,2024-02-25T19:13:54Z,1708974834000,2024-02-26T19:13:54Z
252,3860410,3874809,0x575aa2fad5c8402076f73fbebac41f41379ac7636033845007ae3ab45c046243,1708974834000,2024-02-26T19:13:54Z,1709061234001,2024-02-27T19:13:54Z
253,3874810,3889206,0x8feb8709e180d363455893fe87e56396c6e4a04b7b7d68ab57c914712864d5fa,1709061234001,2024-02-27T19:13:54Z,1709147634001,2024-02-28T19:13:54Z
254,3889207,3903606,0x075887bd886f859626cf3c44de63f4da139b6e44deb07b682da7646661b229b9,1709147634001,2024-02-28T19:13:54Z,1709234034000,2024-02-29T19:13:54Z
255,3903607,3918006,0x1d8412718b9496fe6c49df5795b8fe4fee29256d5d46b0cb1121541e840ce45d,1709234034000,2024-02-29T19:13:54Z,1709320434000,2024-03-01T19:13:54Z
256,3918007,3932406,0x0d1ba9ea9ac88bd86e8368fb63a67aab6e3fd8c249b9a5e03cdad89b87e59e8d,1709320434000,2024-03-01T19:13:54Z,1709406834000,2024-03-02T19:13:54Z
257,3932407,3946806,0x4940b08097dd78c609493f86ca4ef773d4f17c4aea82016554702d1796e55ce9,1709406834000,2024-03-02T19:13:54Z,1709493234000,2024-03-03T19:13:54Z
258,3946807,3961206,0x73ed54d6c6f0686715bd9d62d10521e7f67a3d55b41b6d62c360305cc4889925,1709493234000,2024-03-03T19:13:54Z,1709579634001,2024-03-04T19:13:54Z
259,3961207,3975606,0x50ae9010244fa1d2ed68d4edb47e112449d2e0da39df66d0db5590160a94e5ca,1709579634001,2024-03-04T19:13:54Z,1709666034000,2024-03-05T19:13:54Z
260,3975607,3990006,0x3dee465cb8ec5a7e3b1c3015775aa54a4b8f0c21d93cf6e3f126322acfee952e,1709666034000,2024-03-05T19:13:54Z,1709752434001,2024-03-06T19:13:54Z
261,3990007,4004406,0x4f78ce4c9e619e165f695c855b0f3703b83385bf5a68ee7c1c8ebf3d29352e7b,1709752434001,2024-03-06T19:13:54Z,1709838834000,2024-03-07T19:13:54Z
262,4004407,4018806,0xe365f112ee662bd6d03d14b47425579347b53908815df507cf5216aa83938801,1709838834000,2024-03-07T19:13:54Z,1709925234001,2024-03-08T19:13:54Z
263,4018807,4033206,0x139676447f9f3ac56626cc483c8dac7ca364937c43ce3074e0b560d74a1ddb61,1709925234001,2024-03-08T19:13:54Z,1710011634000,2024-03-09T19:13:54Z
264,4033207,4047606,0x042174398fd74e5f956e2ce32f1a9f9cd727cc80d31af2dade7ae47e222f38f9,1710011634000,2024-03-09T19:13:54Z,1710098034000,2024-03-10T19:13:54Z
265,4047607,4062006,0x611dfb9d84fe9d5bacebe74689f3eed6991d9c3062c5c2697488bcecfbcb2d7d,1710098034000,2024-03-10T19:13:54Z,1710184434001,2024-03-11T19:13:54Z
266,4062007,4076406,0xa7e3aa74c2d5da5d61f59369d0207cd119ff242cf0cbcedaf100e7008260de0c,1710184434001,2024-03-11T19:13:54Z,1710270834000,2024-03-12T19:13:54Z
267,4076407,4090804,0x3fa3cf56ad94a602aa7ed5470324ba3244c54d6983b8c1793341c15506c1ca81,1710270834000,2024-03-12T19:13:54Z,1710357234000,2024-03-13T19:13:54Z
268,4090805,4105095,0x7342abfc88ea9573a32b1e891a91c36bd2f95081fc77b0502b66897a8a6b0ea4,1710357234000,2024-03-13T19:13:54Z,1710443634000,2024-03-14T19:13:54Z
269,4105096,4119495,0xd050ecbcec4459c2eb9f4bd53080ad569c06a90fee6950a34eceadff537aebc0,1710443634000,2024-03-14T19:13:54Z,1710530034001,2024-03-15T19:13:54Z
270,4119496,4133895,0xb2a0d145ebfd291c17a7f63b2ef7663fb0299f92e1721998b10416b40a3ef534,1710530034001,2024-03-15T19:13:54Z,1710616434000,2024-03-16T19:13:54Z
271,4133896,4148295,0x655a8deb92abeabd002e9666f9597d0af5ec626933ce31ebbb6b7c558f999f69,1710616434000,2024-03-16T19:13:54Z,1710702834000,2024-03-17T19:13:54Z
272,4148296,4162695,0xb3d335894603d191e13e35c8b1460048b81d5a3b4bdbbddeb170524875b70132,1710702834000,2024-03-17T19:13:54Z,1710789234000,2024-03-18T19:13:54Z
273,4162696,4177095,0x8509554f190118ccef8ef185d43dd6e3b74d808e2a3308502b9e5fa34a0ea46a,1710789234000,2024-03-18T19:13:54Z,1710875634001,2024-03-19T19:13:54Z
274,4177096,4191495,0x61749de8e356189e096bd04839fdd8acade24abbccfb309d11d86dd25b1b6c68,1710875634001,2024-03-19T19:13:54Z,1710962034000,2024-03-20T19:13:54Z
275,4191496,4205895,0x2a1fe2c9b2905cc687f863aa24c8c5d54cf392abc3db66aa2e517776ed4f4732,1710962034000,2024-03-20T19:13:54Z,1711048434001,2024-03-21T19:13:54Z
276,4205896,4220285,0x1a0a7676b61c392efff84dde45dda5db7be6472e1fce04f114c5d62badc976e0,1711048434001,2024-03-21T19:13:54Z,1711134834000,2024-03-22T19:13:54Z
277,4220286,4234272,0xab55ad61c3570b2220ade24105f281764df9e23d3c0330afd1788ffebd26ace2,1711134834000,2024-03-22T19:13:54Z,1711221234000,2024-03-23T19:13:54Z
278,4234273,4248628,0xb2db461d2a7e14e1e96594ccf7fba9718d987a933a501d7559df675b89092077,1711221234000,2024-03-23T19:13:54Z,1711307634000,2024-03-24T19:13:54Z
279,4248629,4262923,0xf171d105532a5e6091c2286f16774180de7a3adfddbc5b9c5e5b0f2073d37d52,1711307634000,2024-03-24T19:13:54Z,1711394034000,2024-03-25T19:13:54Z
280,4262924,4277323,0xc046bda0e1739c2aed83a9a18c40de6d4e8426f74b4458fb826d3d63230083c7,1711394034000,2024-03-25T19:13:54Z,1711480434000,2024-03-26T19:13:54Z
281,4277324,4291723,0x78210ec11b30c926f6ec7c9b6b9b0bd6f64fd596e9da209c6f1f3984e72e57be,1711480434000,2024-03-26T19:13:54Z,1711566834000,2024-03-27T19:13:54Z
282,4291724,4306123,0xc0cfcb6508ef6eb8d4099fc88367de27a7c042911413d3926500a2fea601755d,1711566834000,2024-03-27T19:13:54Z,1711653234000,2024-03-28T19:13:54Z
283,4306124,4320523,0xb15b7e525071da2670ae6bd3405bc412ab066170a693b699323897cc020410e8,1711653234000,2024-03-28T19:13:54Z,1711739634000,2024-03-29T19:13:54Z
284,4320524,4334923,0x202f56beb2a04246a3f647b75b4cbb544f9a1cd294362ea4b1892dd3cc3d7d3f,1711739634000,2024-03-29T19:13:54Z,1711826034000,2024-03-30T19:13:54Z
285,4334924,4349323,0x997a8caec89b74b05598d7bce281f4dc0dc8cf9d6bcb9502fb29958f502a91c0,1711826034000,2024-03-30T19:13:54Z,1711912434000,2024-03-31T19:13:54Z
286,4349324,4363723,0x8ed734e733e496d28c88a429138882a5988ef1195e284d68900af6d263bb30cb,1711912434000,2024-03-31T19:13:54Z,1711998834000,2024-04-01T19:13:54Z
287,4363724,4378123,0x36a4447474b6d9cd5f5c7c4caf2657ecd706af38963a6d756b768313b33b845a,1711998834000,2024-04-01T19:13:54Z,1712085234000,2024-04-02T19:13:54Z
288,4378124,4392523,0xdf0c4b4eba3d3d008248fc4eb02dfc00c3d333201808803b2d7a25a3e72b7421,1712085234000,2024-04-02T19:13:54Z,1712171634000,2024-04-03T19:13:54Z
289,4392524,4406923,0x60752b67581a4f8d9a9a9da5039d428ef2158428be213ee3e9bcb1dea70f767f,1712171634000,2024-04-03T19:13:54Z,1712258034001,2024-04-04T19:13:54Z
290,4406924,4421323,0xbdbb4a1e6efae9cfea70bd032a6a5ddb74362e4280dcfe9a759b20c50b3b6f39,1712258034001,2024-04-04T19:13:54Z,1712344434001,2024-04-05T19:13:54Z
291,4421324,4435723,0x4dc742791b4e6d26716762957c92c4b1a6cc1d2a93545068e015fd29e727d365,1712344434001,2024-04-05T19:13:54Z,1712430834000,2024-04-06T19:13:54Z
292,4435724,4450123,0xad239f5eb38044245514e16451246e91f3413232abc51b9186f7af0402cbe84b,1712430834000,2024-04-06T19:13:54Z,1712517234001,2024-04-07T19:13:54Z
293,4450124,4464523,0xcdbcc8993c6ed53276f460e8e1af8a4355cc6379a2a4d9757b9e7aab86255435,1712517234001,2024-04-07T19:13:54Z,1712603634000,2024-04-08T19:13:54Z
294,4464524,4478923,0x438b39955b1aa08ed35d7c431d8c1710c4cd1c5424d8a7f2825cfc898c90d3a9,1712603634000,2024-04-08T19:13:54Z,1712690034000,2024-04-09T19:13:54Z
295,4478924,4493322,0x978164bea8b3e9a17355d7e22d4445521750159fd5dcfb019a4961776d40cef7,1712690034000,2024-04-09T19:13:54Z,1712776434000,2024-04-10T19:13:54Z
296,4493323,4507722,0xf71d2b6132dbd0c11487b84a49741ddaa103d26832cad687e63200af1d25a7d1,1712776434000,2024-04-10T19:13:54Z,1712862834000,2024-04-11T19:13:54Z
297,4507723,4522121,0xcfd328c054c1c958c4fa6019d6dbbea22ef24a460b67e3186db445ba2296d43e,1712862834000,2024-04-11T19:13:54Z,1712949234000,2024-04-12T19:13:54Z
298,4522122,4536521,0xcec6762612b5d398504e806ff03eacbdb74d7ac55cd1ba434fbfb9e5970144e8,1712949234000,2024-04-12T19:13:54Z,1713035634000,2024-04-13T19:13:54Z
299,4536522,4550921,0x201e8cddcb4ac0faba7850563b3837015740bb1396d8fbfe4f851b97c5ac1d5e,1713035634000,2024-04-13T19:13:54Z,1713122034000,2024-04-14T19:13:54Z
300,4550922,4565321,0xd2ca9bd91fec060548347d3346b31d6439d2811a52d5b1471a510f8d8a0b3a8a,1713122034000,2024-04-14T19:13:54Z,1713208434000,2024-04-15T19:13:54Z
301,4565322,4579721,0xa9c967ea27383fdc5296e529e6b6e29d5260c3ff54f0cc0355a568a9d0ab5650,1713208434000,2024-04-15T19:13:54Z,1713294834000,2024-04-16T19:13:54Z
302,4579722,4594120,0xa40900e8405f36898bbe5c8198e2decde4303262d88596f489772593dd6d74d0,1713294834000,2024-04-16T19:13:54Z,1713381234000,2024-04-17T19:13:54Z
303,4594121,4608501,0x794bf84608fe047f78d0bed63431ffcff3d1f4f2250a13cf041ecf262c341456,1713381234000,2024-04-17T19:13:54Z,1713467634001,2024-04-18T19:13:54Z
304,4608502,4622901,0xd372070434e33d7f0f8fb6e52d0cba3ec7b9f31111f6ec12630bf24bbbab90a3,1713467634001,2024-04-18T19:13:54Z,1713554034001,2024-04-19T19:13:54Z
305,4622902,4637301,0x8c03c207b17f160eff56a3dbf27036d55933c9522aab0881f4ec3f5f20b4bb58,1713554034001,2024-04-19T19:13:54Z,1713640434000,2024-04-20T19:13:54Z
306,4637302,4651701,0xfa120569040dcad0c867aecc6c7a8e617df233fe3ed6f9f5776a40f8272ba79b,1713640434000,2024-04-20T19:13:54Z,1713726834000,2024-04-21T19:13:54Z
307,4651702,4666101,0x9416a85c06fbea2130b0b117162f7bf1ae04f200d00819a7e449db59bdd8d7a3,1713726834000,2024-04-21T19:13:54Z,1713813234000,2024-04-22T19:13:54Z
308,4666102,4680501,0x457070458a76a604d32b73f0c0f6b9696d9c1851b599195bb3db5d97ca3a0790,1713813234000,2024-04-22T19:13:54Z,1713899634001,2024-04-23T19:13:54Z
309,4680502,4694901,0x233ca855c649d93e91610567b5b29b529274a78375b7af42337bce4e46d880da,1713899634001,2024-04-23T19:13:54Z,1713986034001,2024-04-24T19:13:54Z
310,4694902,4709301,0xc6d45db08a77bc85845faca3f4c148ce8febea796b5addad6594f6acb075875f,1713986034001,2024-04-24T19:13:54Z,1714072434000,2024-04-25T19:13:54Z
311,4709302,4723701,0x5702808e2e1bd85bd2894e9147aef95e977ea99441927d55e1fc5bbb2b725d7b,1714072434000,2024-04-25T19:13:54Z,1714158834000,2024-04-26T19:13:54Z
312,4723702,4738055,0xfe57bef121b3f325c78ef9cc5805177129342ad8edca9a7a8521d853e9309d27,1714158834000,2024-04-26T19:13:54Z,1714245234000,2024-04-27T19:13:54Z
313,4738056,4752455,0x46b9c505c864d4a78114b9ed7514509809ce3ada857e4dd1a6a8189f5952b1f3,1714245234000,2024-04-27T19:13:54Z,1714331634000,2024-04-28T19:13:54Z
314,4752456,4766855,0xbf4391e4721f1da47bd83d851a3b43f8d6973a6b4c23275b89e1059f4e4ba701,1714331634000,2024-04-28T19:13:54Z,1714418034000,2024-04-29T19:13:54Z
315,4766856,4781255,0x3e7016de0eae968cef539ab3e41d918f11f66651543ad3219d3a1952fc2bccd6,1714418034000,2024-04-29T19:13:54Z,1714504434001,2024-04-30T19:13:54Z
316,4781256,4795655,0x01c1e8e8e6cd4a8d3cd8e9a8b15fce1f3c9e747cc4d6241b0acab70e3fdc2740,1714504434001,2024-04-30T19:13:54Z,1714590834000,2024-05-01T19:13:54Z
317,4795656,4810055,0x926200e59dd2ff0dd43eb67d9d34cc1910fd12dfa3694f25f957d84b6faabc32,1714590834000,2024-05-01T19:13:54Z,1714677234000,2024-05-02T19:13:54Z
318,4810056,4824455,0x6ea3104ca435a8ed4a3861652552f6568ea202a2dea4cb015ae92f210ff31ae6,1714677234000,2024-05-02T19:13:54Z,1714763634000,2024-05-03T19:13:54Z
319,4824456,4838855,0x56020b4c46152f342ffb8a0aa77c8d1d9b8d5c8c267af581028dfd9aae22b660,1714763634000,2024-05-03T19:13:54Z,1714850034000,2024-05-04T19:13:54Z
320,4838856,4853255,0x87be2cd3cf81050ac920fbadcda8de646cec89537b835c4386f16dbfb2c80a0d,1714850034000,2024-05-04T19:13:54Z,1714936434000,2024-05-05T19:13:54Z
321,4853256,4867655,0x5ad42e04d802bdd7a2272d3f1a2f378a7b5bf656698a7fa7d8e529a3a24d019b,1714936434000,2024-05-05T19:13:54Z,1715022834000,2024-05-06T19:13:54Z
322,4867656,4882054,0x743eaead21d61a448011c6a5fe29afc131f285d598abc077d541446b8c7ed73b,1715022834000,2024-05-06T19:13:54Z,1715109234000,2024-05-07T19:13:54Z
323,4882055,4896454,0x80858c16d7f002f6e9212595536d4df69eb7244d0ff362f12ab6f6dd917e2ca3,1715109234000,2024-05-07T19:13:54Z,1715195634001,2024-05-08T19:13:54Z
324,4896455,4910854,0xaa9425e1f96ec75f66b1c1245de72bd74bf24886625f433e679c170a5aa0b606,1715195634001,2024-05-08T19:13:54Z,1715282034000,2024-05-09T19:13:54Z
325,4910855,4925254,0xf4f08ed43960157475229e6eb0a9447f1223c5ce2b8c4730863c0a7058cc5de7,1715282034000,2024-05-09T19:13:54Z,1715368434001,2024-05-10T19:13:54Z
326,4925255,4939654,0xd0d2acbee5f2264adeaa2e9df346212afeec3085026a7782e7598e8d9e3d385c,1715368434001,2024-05-10T19:13:54Z,1715454834000,2024-05-11T19:13:54Z
327,4939655,4954054,0xa6b1beb814e0a9776ba60c6570783046469d5456ee69d32b50929ba3ef93cadb,1715454834000,2024-05-11T19:13:54Z,1715541234001,2024-05-12T19:13:54Z
328,4954055,4968454,0xc959f6e879d3fdde34e36dd7db539141dd6f2b439795247b2421069d51138a80,1715541234001,2024-05-12T19:13:54Z,1715627634000,2024-05-13T19:13:54Z
329,4968455,4982854,0x9fc1f35be6d772b20f27ffc615a16bacdd6fd907df92328869f068215a67030a,1715627634000,2024-05-13T19:13:54Z,1715714034000,2024-05-14T19:13:54Z
330,4982855,4997254,0x20bb7e084a35028ba4b5b080910745ac14ca712da4da36a0bf46943e00e5c1c6,1715714034000,2024-05-14T19:13:54Z,1715800434000,2024-05-15T19:13:54Z
331,4997255,5011654,0x10960f8e61d461fbb680130ad744a80ff7ecf09393fa3b5f32b0ccd74a00593b,1715800434000,2024-05-15T19:13:54Z,1715886834000,2024-05-16T19:13:54Z
332,5011655,5026025,0xe612de6453a26bad5c6dc1081d0b894dc341357121c0d69db25eb8d5309e039b,1715886834000,2024-05-16T19:13:54Z,1715973234000,2024-05-17T19:13:54Z
333,5026026,5040425,0xaadb3dc2f992c61694cec9e9fbb76e04e6fdd8e3d62620c3c0548dd32e240599,1715973234000,2024-05-17T19:13:54Z,1716059634001,2024-05-18T19:13:54Z
334,5040426,5054825,0xd6ec6b065dc87050d85cb726ae495c6d8bcd36ca9d164ed99f03b6f13c439d7e,1716059634001,2024-05-18T19:13:54Z,1716146034000,2024-05-19T19:13:54Z
335,5054826,5069225,0xa9c15024005c7ebb2864d5288959e06a5dfdb46206d5da714f98a647c7234285,1716146034000,2024-05-19T19:13:54Z,1716232434000,2024-05-20T19:13:54Z
336,5069226,5083625,0xf13cc7a789814bdd84da1010a58be995115b19259461cee533de9fa2c8d7431a,1716232434000,2024-05-20T19:13:54Z,1716318834001,2024-05-21T19:13:54Z
337,5083626,5098025,0xd9a46f2369a19c4b673084a3cb114edc2e184d21a0bbcce1876af83d08516d1b,1716318834001,2024-05-21T19:13:54Z,1716405234001,2024-05-22T19:13:54Z
338,5098026,5112425,0x025f24ff8015125a7830a26eda4589080b281b1238ff9e04b6c499241c3d2382,1716405234001,2024-05-22T19:13:54Z,1716491634000,2024-05-23T19:13:54Z
339,5112426,5126825,0xa19a52719caf5ea6328fdb18ea7d6947e39c6d12e730c6c4fe6d067e1cd4ef28,1716491634000,2024-05-23T19:13:54Z,1716578034001,2024-05-24T19:13:54Z
340,5126826,5141225,0xd8196ea633c75b9c0c2e6225a09ec5fed69b01886080f9a024bd996aebed4dd8,1716578034001,2024-05-24T19:13:54Z,1716664434001,2024-05-25T19:13:54Z
341,5141226,5155625,0x2d37f18e26a0b19765c24104facb68ecc86f76aa45c43b13e395d02d6e6bc5d9,1716664434001,2024-05-25T19:13:54Z,1716750834001,2024-05-26T19:13:54Z
342,5155626,5170025,0x657388e8048bd5cc3cdf6eb4827b0f8644eb127fac816793dae83f1030c7863f,1716750834001,2024-05-26T19:13:54Z,1716837234001,2024-05-27T19:13:54Z
343,5170026,5184425,0xc1e47655d27ec5afff7b8047361f2c402a47a3fa262c8e48e03a9b6cd3390294,1716837234001,2024-05-27T19:13:54Z,1716923634000,2024-05-28T19:13:54Z
344,5184426,5198825,0x5a4dd7acf5b8c2a29442ed68e1a8b37e8e42eb377053a63f2be891cd5457f042,1716923634000,2024-05-28T19:13:54Z,1717010034000,2024-05-29T19:13:54Z
345,5198826,5213225,0xf7301df0acab334b4abe809fdc14bf4e6ee784f0e9697a719b01fd3b5239412f,1717010034000,2024-05-29T19:13:54Z,1717096434001,2024-05-30T19:13:54Z
346,5213226,5227625,0x64436b56a0215eef3bf639bb663b2034d88c0952d8abd91f22e43c40b288025f,1717096434001,2024-05-30T19:13:54Z,1717182834000,2024-05-31T19:13:54Z
347,5227626,5242025,0x5eac8c80cbea5ae170d9669b37162b3184448f9a0191d10bd4cc5be0e9feef77,1717182834000,2024-05-31T19:13:54Z,1717269234000,2024-06-01T19:13:54Z
348,5242026,5256425,0x880a6d02e0c75d0e056c7afea147e195199d6d603feb82f013ba1b7444764c84,1717269234000,2024-06-01T19:13:54Z,1717355634001,2024-06-02T19:13:54Z
349,5256426,5270825,0xb75b273a437d27781bb71e325b1d33b8d2474fa6874420b2ee3bcd1766e59d82,1717355634001,2024-06-02T19:13:54Z,1717442034000,2024-06-03T19:13:54Z
350,5270826,5285225,0xdae022528f1fecee0def784e4f82478dd9f748e7613bb639b9115d6c845257b5,1717442034000,2024-06-03T19:13:54Z,1717528434000,2024-06-04T19:13:54Z
351,5285226,5299625,0x721ebf0ce04125fb3fe7c7b53a24f9ef2e3a7a026e61ac9ba4b1c5fbacbbc13a,1717528434000,2024-06-04T19:13:54Z,1717614834000,2024-06-05T19:13:54Z
352,5299626,5314025,0x8db3e2588ee0e6a3f7807eaad3a938327245f85332aa3bd660a21ed868163f77,1717614834000,2024-06-05T19:13:54Z,1717701234000,2024-06-06T19:13:54Z
353,5314026,5328425,0xfe1b9799d1e2422bd548a9513444f420aa826a92cecdfc8d4eb2028e1fbef68e,1717701234000,2024-06-06T19:13:54Z,1717787634001,2024-06-07T19:13:54Z
354,5328426,5342825,0x46a18b59420bdd23f37f4564fd4a2271e93464705d418ded99753c9272c2b323,1717787634001,2024-06-07T19:13:54Z,1717874034000,2024-06-08T19:13:54Z
355,5342826,5357225,0x46856605239f7fd4abdaa5b1d11472e171031a78c734ea70e9982b76f00e5c5e,1717874034000,2024-06-08T19:13:54Z,1717960434000,2024-06-09T19:13:54Z
356,5357226,5371625,0xcdcbfdf1955fb665372a30ca4839cf3f1e0de2488a2ff0b92a9fb74dac5affea,1717960434000,2024-06-09T19:13:54Z,1718046834001,2024-06-10T19:13:54Z
357,5371626,5386025,0xf28d1dd518c60e8df88267c6de38038eebb98e7af9c4acd21f8b1232f1f1e674,1718046834001,2024-06-10T19:13:54Z,1718133234000,2024-06-11T19:13:54Z
358,5386026,5400425,0xacf9a30be3845771d2c1c138b4c78539d0174008e9956d117137d2f141c9a6d5,1718133234000,2024-06-11T19:13:54Z,1718219634000,2024-06-12T19:13:54Z
359,5400426,5414825,0xbf5998eae381b96d91e4f23ee5b4e99dcdd0ecdd06253d5c9586040f11be35e1,1718219634000,2024-06-12T19:13:54Z,1718306034001,2024-06-13T19:13:54Z
360,5414826,5429225,0x8e5efdf08ca0778af35e1a44db337d1a2a3c8e3276e79c469f676223b92f6aae,1718306034001,2024-06-13T19:13:54Z,1718392434000,2024-06-14T19:13:54Z
361,5429226,5443625,0x53e6c82385c5745d1d58b761197e46cb6dc244ff846e7218e5c049d36a262fc2,1718392434000,2024-06-14T19:13:54Z,1718478834000,2024-06-15T19:13:54Z
362,5443626,5458025,0x87479305866d139e51a6bc125b6707bc8b54970cf06db0d69fe0e15ed915cecb,1718478834000,2024-06-15T19:13:54Z,1718565234000,2024-06-16T19:13:54Z
363,5458026,5472425,0x3f8adea8c59d1540ffede8481cbfa60c7781c67970b1960e7cdb8d5c78bcc594,1718565234000,2024-06-16T19:13:54Z,1718651634000,2024-06-17T19:13:54Z
364,5472426,5486825,0xe31657f3a418521b83834f01a64fc1deb40e2204516e27723e5498b38f0d5955,1718651634000,2024-06-17T19:13:54Z,1718738034000,2024-06-18T19:13:54Z
365,5486826,5501225,0x87f97084e19f94b2beb03495c2d8c3dd707896ebdc75194a491f6c4761ff62e5,1718738034000,2024-06-18T19:13:54Z,1718824434001,2024-06-19T19:13:54Z
366,5501226,5515625,0xc0ba65e3022afa7be3bb1846bd408e62bddb51dc2db9d11543f2c8b5dc439f93,1718824434001,2024-06-19T19:13:54Z,1718910834000,2024-06-20T19:13:54Z
367,5515626,5530025,0xcc4a83a5838240ff80693ee30722962dac38c743da4fe7ebb93fc846f5bd1c72,1718910834000,2024-06-20T19:13:54Z,1718997234000,2024-06-21T19:13:54Z
368,5530026,5544425,0xa789ee0d4702fae0ab0b4d14e3c90fa20e72c00dc8588ab67ae77de47d9506b6,1718997234000,2024-06-21T19:13:54Z,1719083634000,2024-06-22T19:13:54Z
369,5544426,5558825,0xe3118bed52cb94c9184a99de9d2f705ccc2cd20dd5148dd2cdd7b0c5efedd54f,1719083634000,2024-06-22T19:13:54Z,1719170034000,2024-06-23T19:13:54Z
370,5558826,5573225,0x7031d4b034e3b49a01396889ef517f3435ba1d11cb76cfcdcc952fee54e44575,1719170034000,2024-06-23T19:13:54Z,1719256434000,2024-06-24T19:13:54Z
371,5573226,5587625,0x6d0888ff62ff63ad86e5ca0def1561abb4d493c2dc8fe206b03e41f1deda7a9d,1719256434000,2024-06-24T19:13:54Z,1719342834000,2024-06-25T19:13:54Z
372,5587626,5602025,0xc9cb775082d180fbbd2520a3d85e8a1a7610417e61dddaf22e8338f7bdf48fe4,1719342834000,2024-06-25T19:13:54Z,1719429234000,2024-06-26T19:13:54Z
373,5602026,5616425,0xbb0b3e8a846cdbcbc4d9b2e9a21ff2204eac9681cb2a7d98099996c85ecbcf2a,1719429234000,2024-06-26T19:13:54Z,1719515634001,2024-06-27T19:13:54Z
374,5616426,5630825,0x9434a19b45027ea7cda856229fce91155078458238db8baa354f790dddebb573,1719515634001,2024-06-27T19:13:54Z,1719602034000,2024-06-28T19:13:54Z
375,5630826,5645225,0x35338aaec9116b068618cc9913c83b286514b8db4569d80a96a53e2b3da1adb6,1719602034000,2024-06-28T19:13:54Z,1719688434000,2024-06-29T19:13:54Z
376,5645226,5659625,0x13ef0c98a424ff3650c20c5732d0a0b856e0141f8f5b45aea57e8dcdcf747a3c,1719688434000,2024-06-29T19:13:54Z,1719774834001,2024-06-30T19:13:54Z
377,5659626,5674025,0xb8a1f9e3948d998fdac5377e90d3433015ada08c1633b2a4160df7f5d4f08bee,1719774834001,2024-06-30T19:13:54Z,1719861234001,2024-07-01T19:13:54Z
378,5674026,5688425,0xe506a3c1e143e536390690f709fa6d5552114f72303c0b1f66a2a35c07c2ad23,1719861234001,2024-07-01T19:13:54Z,1719947634000,2024-07-02T19:13:54Z
379,5688426,5702825,0x197a1b2d315904ac120742bbea2ba472d17d3154bb6b1ba5b4b2eb517b2fe943,1719947634000,2024-07-02T19:13:54Z,1720034034000,2024-07-03T19:13:54Z
380,5702826,5717225,0xc10402dffa8f8671db10a30879527008633946096983c07409c41e3efd5fa4dd,1720034034000,2024-07-03T19:13:54Z,1720120434000,2024-07-04T19:13:54Z
381,5717226,5731625,0xe74de4a65f7809e168a5043fc9d5ea3b16383014eaa289baea692b6afed57381,1720120434000,2024-07-04T19:13:54Z,1720206834000,2024-07-05T19:13:54Z
382,5731626,5746025,0x7458bb2bcfc74c0ac892762962fefd2d067e245b18122778b3b54714b16a56f1,1720206834000,2024-07-05T19:13:54Z,1720293234001,2024-07-06T19:13:54Z
383,5746026,5760425,0x8b2e6dcabbfa38f4c831a3dd97f79e175407402a15c910afcda22b0a10a7cb1f,1720293234001,2024-07-06T19:13:54Z,1720379634000,2024-07-07T19:13:54Z
384,5760426,5774825,0x7ab1b5aca3b1c48b307927192a656365b25bca98649d97521b423129df16d508,1720379634000,2024-07-07T19:13:54Z,1720466034000,2024-07-08T19:13:54Z
385,5774826,5789225,0xcc7573f41ac9a2527dbd852ebe0a0ce590120d2bcd704c6d799d72c0dd7025c7,1720466034000,2024-07-08T19:13:54Z,1720552434000,2024-07-09T19:13:54Z
386,5789226,5803625,0x5279a1ad370aab587fca4970a4e13c1f2e8e87e36d5d66ce91b4162d893f29c1,1720552434000,2024-07-09T19:13:54Z,1720638834000,2024-07-10T19:13:54Z
387,5803626,5818025,0x62e857baef36c063d33be8e497a147f7b76259b756e1bf2e1550232aeed23f96,1720638834000,2024-07-10T19:13:54Z,1720725234000,2024-07-11T19:13:54Z
388,5818026,5832421,0xcf65becd2bf0a86d6e095bf0de13ccd20758eddb285673b69b631423110961c3,1720725234000,2024-07-11T19:13:54Z,1720811634001,2024-07-12T19:13:54Z
389,5832422,5846821,0xf0f6d7317973d2cffa145fb3a57d8441df2a7924a80cd6e3054d57512db3ace7,1720811634001,2024-07-12T19:13:54Z,1720898034001,2024-07-13T19:13:54Z
390,5846822,5861221,0x6c092954caa3da6b5f2878eab89bb751addc62fec4b0219e50bcfae5ea23ba95,1720898034001,2024-07-13T19:13:54Z,1720984434001,2024-07-14T19:13:54Z
391,5861222,5875621,0x0fbbb6b36d7bf75ae3dd7946045a065c439a9e05881544d538c4b1bd4de15860,1720984434001,2024-07-14T19:13:54Z,1721070834000,2024-07-15T19:13:54Z
392,5875622,5890021,0x9834f389404fd15541c7d414b2d177e020b51de721fe25e8ada46c83b3429392,1721070834000,2024-07-15T19:13:54Z,1721157234001,2024-07-16T19:13:54Z
393,5890022,5904421,0x78824b8010adb3d8366a39f12f27f8264d8f9960eb50183b7f02e1a326ea61ce,1721157234001,2024-07-16T19:13:54Z,1721243634001,2024-07-17T19:13:54Z
394,5904422,5918817,0x890519b2cd26c5432e556b8d04349da5b61e80079d4162cc323cb39c2e1f5b59,1721243634001,2024-07-17T19:13:54Z,1721330034000,2024-07-18T19:13:54Z
395,5918818,5933217,0x21d97408f5615862faea9c1a2cbde8445c76aeb37979fed965f2a55d860a335f,1721330034000,2024-07-18T19:13:54Z,1721416434000,2024-07-19T19:13:54Z
396,5933218,5947617,0x2d51595377f5808094fcc06eb92a4d942560e07f3884e3e9dbbe17ff9ede17e2,1721416434000,2024-07-19T19:13:54Z,1721502834000,2024-07-20T19:13:54Z
397,5947618,5962017,0xeb46054921da6b8c69122290bf9e52d0cd25cca838fef4b23fcfc34cdc371e25,1721502834000,2024-07-20T19:13:54Z,1721589234000,2024-07-21T19:13:54Z
398,5962018,5976417,0x428950bf2cf48dc8a9666f3493c37cd81fbf073d1f2765b93236d39865a51597,1721589234000,2024-07-21T19:13:54Z,1721675634000,2024-07-22T19:13:54Z
399,5976418,5990817,0x47e8ee5003388c132283c2c234e48deb146af4d18146f6539bf91064d8ca00c2,1721675634000,2024-07-22T19:13:54Z,1721762034000,2024-07-23T19:13:54Z
400,5990818,6005217,0xfa633da6bae4e0508deca72d4d8c6003c710ff788a0df140d9efe3ba3fc89140,1721762034000,2024-07-23T19:13:54Z,1721848434001,2024-07-24T19:13:54Z
401,6005218,6019617,0xb5610fa2960e7696e779967b6d2f7b32e60d2471c0c55bebd20af885709efde4,1721848434001,2024-07-24T19:13:54Z,1721934834000,2024-07-25T19:13:54Z
402,6019618,6034017,0x499d74c96cb022dbf3583ae003b713ffcbf79ca8b5f34aa512f7971796e04b98,1721934834000,2024-07-25T19:13:54Z,1722021234000,2024-07-26T19:13:54Z
403,6034018,6048417,0x974c3290bb5628e22687c76d057281ffbce106c0f4ab5a73f63878790ac7c5d9,1722021234000,2024-07-26T19:13:54Z,1722107634000,2024-07-27T19:13:54Z
404,6048418,6062817,0x584db9e3f407403bde6bc9b6b90478ee2c540b07011d662482ac9e8cc5585037,1722107634000,2024-07-27T19:13:54Z,1722194034000,2024-07-28T19:13:54Z
405,6062818,6077217,0x403ca0dd0098bed2cf052ef62f940f55a654ca7047bb4cb020c8a07b384b2726,1722194034000,2024-07-28T19:13:54Z,1722280434000,2024-07-29T19:13:54Z
406,6077218,6091617,0xb2a29b6674202517fa54084f38e73fb1c6559f92b13315db8af9ae5e49668054,1722280434000,2024-07-29T19:13:54Z,1722366834000,2024-07-30T19:13:54Z
407,6091618,6106017,0xb45210e00cb6316ccf210d5e3e1c0a3f78e9d0709fdf7da3b07cae1d7a46f1f8,1722366834000,2024-07-30T19:13:54Z,1722453234000,2024-07-31T19:13:54Z
408,6106018,6120417,0xb6631b3667c364983f3d6be6130136853c8ccd46320e3506add1e17b7809d6e7,1722453234000,2024-07-31T19:13:54Z,1722539634000,2024-08-01T19:13:54Z
409,6120418,6134817,0x1a526a0a0c61cb709ca60546efd1f85d72e131d62aa5e8c9dc7d30aab9a559d8,1722539634000,2024-08-01T19:13:54Z,1722626034001,2024-08-02T19:13:54Z
410,6134818,6149217,0x252f88899be99f8c77f6db49cf286037139e4901a272925c1f13c0b1758c03a7,1722626034001,2024-08-02T19:13:54Z,1722712434000,2024-08-03T19:13:54Z
411,6149218,6163617,0x19aae66013096a328e64d9b12a2947d13f4f65ad1857d10b98423b34ffa9495d,1722712434000,2024-08-03T19:13:54Z,1722798834001,2024-08-04T19:13:54Z
412,6163618,6178017,0x105f7974ad1ee6c03c31b9c39a7e3ac08930dd147e68ee2f3edf14c0f182b243,1722798834001,2024-08-04T19:13:54Z,1722885234000,2024-08-05T19:13:54Z
413,6178018,6192417,0xdcb8adf3411ed0d765b468d8dffd5b396c99188a944b2811ed1e17f2a99a75ee,1722885234000,2024-08-05T19:13:54Z,1722971634001,2024-08-06T19:13:54Z
414,6192418,6206817,0xf5e784574fa080d5ba223b58d28de6de39938748803ac84354c4c0ea61fb036f,1722971634001,2024-08-06T19:13:54Z,1723058034000,2024-08-07T19:13:54Z
415,6206818,6221217,0xbe64ed62950387ae48e296a7768ea062a6e9ade011f4277f75730b3029992418,1723058034000,2024-08-07T19:13:54Z,1723144434000,2024-08-08T19:13:54Z
416,6221218,6235617,0x54428da0d7213e138f5f6776867812387403c1acde505fb45fca117c34418c4f,1723144434000,2024-08-08T19:13:54Z,1723230834000,2024-08-09T19:13:54Z
417,6235618,6250017,0xf28800d68fe011107da8db9f897c35160ed027622e1b08ae9cf59e3d7ddf1066,1723230834000,2024-08-09T19:13:54Z,1723317234000,2024-08-10T19:13:54Z
418,6250018,6264417,0x1c9d281e0952eca59b1f6240fa745921ad7cba3f44c0b772fbf20ee1364c603a,1723317234000,2024-08-10T19:13:54Z,1723403634000,2024-08-11T19:13:54Z
419,6264418,6278817,0x20d31f79f161aedee8b9c8930c208adaaa475a30780739e753c738e897f8c40d,1723403634000,2024-08-11T19:13:54Z,1723490034000,2024-08-12T19:13:54Z
420,6278818,6293217,0x782a9a74143c95b80d5b26c4a14d8fd4ac3b91b1d657fc62d023ddcc7861d39e,1723490034000,2024-08-12T19:13:54Z,1723576434000,2024-08-13T19:13:54Z
421,6293218,6307617,0xb27f96eb874d8bc50c2e04107fb8186b1b1a1c52f63532864468c70ca5198a6e,1723576434000,2024-08-13T19:13:54Z,1723662834001,2024-08-14T19:13:54Z
422,6307618,6322017,0xa0a4688cb02935ee9fb721285f98c6cc8fbd86f89bb1939492ee674ab2b9038c,1723662834001,2024-08-14T19:13:54Z,1723749234000,2024-08-15T19:13:54Z
423,6322018,6336417,0x10a62d482866d6f9d29765e22c52281bbba17c3df043f77d6a0dd9fdc7ecbdfa,1723749234000,2024-08-15T19:13:54Z,1723835634000,2024-08-16T19:13:54Z
424,6336418,6350817,0x21d714733caf843a00de355240b3e254fb9cd061b047151ecc4d300ee423a4b6,1723835634000,2024-08-16T19:13:54Z,1723922034000,2024-08-17T19:13:54Z
425,6350818,6365217,0x240e419f79645a552cb211c25b8f49853574512cefb947000058c41e3709f4b5,1723922034000,2024-08-17T19:13:54Z,1724008434000,2024-08-18T19:13:54Z
426,6365218,6379617,0x7de81e2c7498f0d4cf7d7bf138a90adec93a143daf96b2458852cac45338474e,1724008434000,2024-08-18T19:13:54Z,1724094834000,2024-08-19T19:13:54Z
427,6379618,6394017,0x9343084134bd29f558c76a4f3e34cad21875215503e052ef11d378961a8e9d31,1724094834000,2024-08-19T19:13:54Z,1724181234000,2024-08-20T19:13:54Z
428,6394018,6410131,0x34222cfb132945242b0a40743a75dff6c9c80549a5e4c7249026bc8c894d771d,1724181234000,2024-08-20T19:13:54Z,1724277924000,2024-08-21T22:05:24Z
429,6410132,6422816,0x0715b2078a2a92d4deecf5342f11ef7b4a88fbedcb9684af4d6f68f9e8994aad,1724277924000,2024-08-21T22:05:24Z,1724354034001,2024-08-22T19:13:54Z
430,6422817,6437216,0xdf19039f113b67165a3bd430ab5d810602978ebe1bb94c0817adc2100853ee8f,1724354034001,2024-08-22T19:13:54Z,1724440434000,2024-08-23T19:13:54Z
431,6437217,6451616,0x72ea58467221ae13efda068b089564b1ab070ea76b24ad01035a3855397a4245,1724440434000,2024-08-23T19:13:54Z,1724526834000,2024-08-24T19:13:54Z
432,6451617,6466016,0x1c0913c61e494bb7cb87c48ca9af7b290cc8bf3a9ddd447262956e94f4ca0dc2,1724526834000,2024-08-24T19:13:54Z,1724613234006,2024-08-25T19:13:54Z
433,6466017,6480416,0x53f65585461ebcb83b9b88fd037de913ad00feed5b3415a08ca8775001e60572,1724613234006,2024-08-25T19:13:54Z,1724699634000,2024-08-26T19:13:54Z
434,6480417,6494816,0x5ce4e568a0943c494f9247c735be5e291f42b70b0a27bb242dee34093f2e4628,1724699634000,2024-08-26T19:13:54Z,1724786034000,2024-08-27T19:13:54Z
435,6494817,6509216,0x8975c02584b9a16d6bcdb142259c05064e74d2860f6732c76ce37dfb301d0e47,1724786034000,2024-08-27T19:13:54Z,1724872434001,2024-08-28T19:13:54Z
436,6509217,6523616,0x6d94ae561e5c6e4b24593540f6af6f325a73600c3f847cee29a26897dafb41fa,1724872434001,2024-08-28T19:13:54Z,1724958834000,2024-08-29T19:13:54Z
437,6523617,6538016,0xc43d336894bc97a4c16e82e2c6290bbc644901ee66d8c7e9130686034afc9ef8,1724958834000,2024-08-29T19:13:54Z,1725045234000,2024-08-30T19:13:54Z
438,6538017,6552416,0x976527de715e9410cc3e9680775ba6769f483f667c41713dbd3a491f0b3f9dc2,1725045234000,2024-08-30T19:13:54Z,1725131634001,2024-08-31T19:13:54Z
439,6552417,6566816,0x5eaa97da5ebc5b860cebef22cb9a84edec0fad76239bc853a6496d54669903cb,1725131634001,2024-08-31T19:13:54Z,1725218034000,2024-09-01T19:13:54Z
440,6566817,6581216,0x27c4f34b079eb2b77914b28763218a5ca2d6030614a40b00901465a39d6484c8,1725218034000,2024-09-01T19:13:54Z,1725304434000,2024-09-02T19:13:54Z
441,6581217,6595611,0x2e0635c7aa208a6fec1fdbf8590dd68e02cc221fa7ed63dd30e6f860fdf5b1ed,1725304434000,2024-09-02T19:13:54Z,1725390834000,2024-09-03T19:13:54Z
442,6595612,6610011,0x001c5d10ccbcb9a0feb0de612e486bd4d738a827066fb413d97cd5eab815a0e8,1725390834000,2024-09-03T19:13:54Z,1725477234001,2024-09-04T19:13:54Z
443,6610012,6624409,0xb7da0186898f4e915cdafd751fa33d78585f2f8c6007770598da8471e353582d,1725477234001,2024-09-04T19:13:54Z,1725563634000,2024-09-05T19:13:54Z
444,6624410,6638809,0x20b350a0dec266eacb7fe75d5f82f79d3ddbcfcc3cdae6aacf55b60911487fe0,1725563634000,2024-09-05T19:13:54Z,1725650034000,2024-09-06T19:13:54Z
445,6638810,6653209,0xb37913e0f01c742c77664a699a285e206b96dc57a5100797daa3f04d64cf641f,1725650034000,2024-09-06T19:13:54Z,1725736434001,2024-09-07T19:13:54Z
446,6653210,6667609,0x1a4f95a0065794ec48de5c34fb627c46955878d39230f6da20f832733626de4f,1725736434001,2024-09-07T19:13:54Z,1725822834000,2024-09-08T19:13:54Z
447,6667610,6682008,0xc9d879875dfe20e7d460839a3c8292f8ad9a5291cb0efc89895b2096946ee63b,1725822834000,2024-09-08T19:13:54Z,1725909234000,2024-09-09T19:13:54Z
448,6682009,6696408,0x8d660f884dc07807eebdd29e0576f2b3b6d652bfa8c4978562bdbd1ea9900211,1725909234000,2024-09-09T19:13:54Z,1725995634000,2024-09-10T19:13:54Z
449,6696409,6710808,0x4052bbe43af82dca1e37a0c0f6a03125cddf2730a87ed9ab9ddc17f8adfae95a,1725995634000,2024-09-10T19:13:54Z,1726082034000,2024-09-11T19:13:54Z
450,6710809,6725208,0xe5314263ae04a49b53f3678e4ac346f8afd35c24a6d4c5e7cf0f9b2ab02144a3,1726082034000,2024-09-11T19:13:54Z,1726168434001,2024-09-12T19:13:54Z
451,6725209,6739608,0xead34daf3f648fd8aae109298971abda2c8ccef91d732e5420b78463da6a371f,1726168434001,2024-09-12T19:13:54Z,1726254834001,2024-09-13T19:13:54Z
452,6739609,6754008,0x141d94cbd859f19521128869641b904880b056e098879689c1002e1da139f5c8,1726254834001,2024-09-13T19:13:54Z,1726341234000,2024-09-14T19:13:54Z
453,6754009,6768408,0x4396667b29d732c4e6cb0fc5f097a2743cb2a3780f31fd3dcd69033e56bbc04a,1726341234000,2024-09-14T19:13:54Z,1726427634000,2024-09-15T19:13:54Z
454,6768409,6782808,0xdcacd06ca764203b4447f507ea65142bd1757ff101d323d5d7f5186398b9f6ee,1726427634000,2024-09-15T19:13:54Z,1726514034000,2024-09-16T19:13:54Z
455,6782809,6797208,0x114387feed7598f586e0464585a5640efe787c3ebaedc08f9e34b3cfb920aeff,1726514034000,2024-09-16T19:13:54Z,1726600434001,2024-09-17T19:13:54Z
456,6797209,6811608,0xcd04eadc1dde9f022fd054f37c8b08ed820239d8b33250ecd9dfce2c0b136797,1726600434001,2024-09-17T19:13:54Z,1726686834000,2024-09-18T19:13:54Z
457,6811609,6826008,0xcee66e85df2cc7b49c9aad6aaf5812e1cfdd4a6f6f98c518c13e71f9c7bfa626,1726686834000,2024-09-18T19:13:54Z,1726773234000,2024-09-19T19:13:54Z
458,6826009,6840408,0x2f8db3fdbd5862989bc141246d7400c90ea7bf134404ebdef758d668013e3d20,1726773234000,2024-09-19T19:13:54Z,1726859634000,2024-09-20T19:13:54Z
459,6840409,6854808,0xbe30344c7ca7d144dffa602bb66700f8fb631f1944a0d0ae11274ae858ba42d5,1726859634000,2024-09-20T19:13:54Z,1726946034000,2024-09-21T19:13:54Z
460,6854809,6869208,0x18acc0555d1e506e4ffd7a206aa2c8a3380762a67b2d54a3474a46cda63b92f6,1726946034000,2024-09-21T19:13:54Z,1727032434000,2024-09-22T19:13:54Z
461,6869209,6883608,0x0af75252dcc44758b11137e9e6a5aa7a50dcc0f96020e45d02b9e8700f0bbf07,1727032434000,2024-09-22T19:13:54Z,1727118834001,2024-09-23T19:13:54Z
462,6883609,6898008,0xaf75d91148e21cad4de73da18f30142656b436426deda673c2031933179ad37c,1727118834001,2024-09-23T19:13:54Z,1727205234002,2024-09-24T19:13:54Z
463,6898009,6912408,0xce7c0f1047e60c072c83d4bef9e62a3781649b3784da89cf32ab4639a1219872,1727205234002,2024-09-24T19:13:54Z,1727291634001,2024-09-25T19:13:54Z
464,6912409,6926808,0xad9483db220e08064cdfdab5b3e9a3f1b8dcd73fad1134d9117b88b7471256d6,1727291634001,2024-09-25T19:13:54Z,1727378034000,2024-09-26T19:13:54Z
465,6926809,6941208,0x3134c4f824108988b8d9eb23161895c60b7015485ec8f5dc9224f5eba7a20f82,1727378034000,2024-09-26T19:13:54Z,1727464434000,2024-09-27T19:13:54Z
466,6941209,6955608,0x764ec9ba768fe4a3beb049c1c7479fc022838e7cc491fca30b0802d9c499c71e,1727464434000,2024-09-27T19:13:54Z,1727550834001,2024-09-28T19:13:54Z
467,6955609,6970008,0x3e074ae54856af4f4027ae4db5adaefba59ced836ceda2d08f961476a6f15c1c,1727550834001,2024-09-28T19:13:54Z,1727637234000,2024-09-29T19:13:54Z
468,6970009,6984408,0x12c111711131d6ad26a3d5fbe377d5a86be073228efcb8b5f450f6264b39a570,1727637234000,2024-09-29T19:13:54Z,1727723634000,2024-09-30T19:13:54Z
469,6984409,6998808,0x9ed6efc6d3d74286212fa4466fc4e47d91834fb7b9efc5ea6a825df723361b62,1727723634000,2024-09-30T19:13:54Z,1727810034001,2024-10-01T19:13:54Z
470,6998809,7013207,0xf5d3dbdfb1c4fa98812f9a0e4c5dcc813f3cc1f05d724352ecfbba155eaf795c,1727810034001,2024-10-01T19:13:54Z,1727896434000,2024-10-02T19:13:54Z
471,7013208,7027607,0x4ba248f9daa85a9f058b639e651e946c8c4649f6523460e23514799f26f67d4e,1727896434000,2024-10-02T19:13:54Z,1727982834001,2024-10-03T19:13:54Z
472,7027608,7042007,0x2c67e5c4457569c29eafdfdb627ea9b5562e7d607c5924572cc9ff6fe9d1bf39,1727982834001,2024-10-03T19:13:54Z,1728069234000,2024-10-04T19:13:54Z
473,7042008,7056407,0xb05568428f56d7b350bc1b61cb0633b4274ced63e4aa2583817e68dbb5892dab,1728069234000,2024-10-04T19:13:54Z,1728155634000,2024-10-05T19:13:54Z
474,7056408,7070807,0x4b0789fb856f58aff1fe9b81430cf2f18e1b8c4ecc579b2c88fedfef31aa938a,1728155634000,2024-10-05T19:13:54Z,1728242034000,2024-10-06T19:13:54Z
475,7070808,7085207,0x1a737a97c84c4bde73ad57be0225aa885e2e150fe1a431491ac07dc324f87061,1728242034000,2024-10-06T19:13:54Z,1728328434000,2024-10-07T19:13:54Z
476,7085208,7099607,0x4891dce1958bf660a199b4d35fecd0c16d0360abbb620164e5d88ca2aa6ca7d5,1728328434000,2024-10-07T19:13:54Z,1728414834000,2024-10-08T19:13:54Z
477,7099608,7114007,0x0e7ed28f9d348100a0bdf0d2bf6c31bd8ec4d1f2bc01d031747106445342d68e,1728414834000,2024-10-08T19:13:54Z,1728501234000,2024-10-09T19:13:54Z
478,7114008,7128407,0xe5b39c741f54eb86ca7dd49ae3809cc15e83d42d65a6e0e283a394bf054ab351,1728501234000,2024-10-09T19:13:54Z,1728587634000,2024-10-10T19:13:54Z
479,7128408,7142807,0xe6c0b76b645c7255ddf1e0b3748542b621cb0bced6ed262477dbcc3e5e3b1b41,1728587634000,2024-10-10T19:13:54Z,1728674034000,2024-10-11T19:13:54Z
480,7142808,7157207,0xbcb9e253595f756742f2342046d9bd3454d2aaaf25cca52b21835219f1b8ccf5,1728674034000,2024-10-11T19:13:54Z,1728760434001,2024-10-12T19:13:54Z
481,7157208,7171607,0x88a6c9889914e047dba881ba1ce6cec7c054c6d033ef84b737e26311e6ffde2a,1728760434001,2024-10-12T19:13:54Z,1728846834000,2024-10-13T19:13:54Z
482,7171608,7186007,0x6a7ebac6fea0314d9f3f41b52bc8fbfe01c3e0712501bcd6a6b45c4e46ffba5f,1728846834000,2024-10-13T19:13:54Z,1728933234000,2024-10-14T19:13:54Z
483,7186008,7200407,0x3e48b53193bc0723847bdfcfe156b363208cf540926d481849a6bfad3101dbcc,1728933234000,2024-10-14T19:13:54Z,1729019634000,2024-10-15T19:13:54Z
484,7200408,7214807,0xb706064fe5e5e7b8f8e067faec52e13c11d082384f72fe3c01c3fd5b411fb991,1729019634000,2024-10-15T19:13:54Z,1729106034000,2024-10-16T19:13:54Z
485,7214808,7229207,0xce5a0c1161e56e409451fa0c5b694f68043d4d6d14c3fef01cf3afbbf63354dd,1729106034000,2024-10-16T19:13:54Z,1729192434001,2024-10-17T19:13:54Z
486,7229208,7243607,0x7a61ea66be87de3c9f10c2a1d4c44258e8efe993b26fe74c9583ab02febc2fde,1729192434001,2024-10-17T19:13:54Z,1729278834001,2024-10-18T19:13:54Z
487,7243608,7258007,0x276136519959bdc97df8e2843f03cd464c8315d9ad7b08037080d7e385033f59,1729278834001,2024-10-18T19:13:54Z,1729365234000,2024-10-19T19:13:54Z
488,7258008,7272407,0x691763e491dde0b685c484d0bbbd2ae1e14eca4db2cd4672f41f07d7b68867b2,1729365234000,2024-10-19T19:13:54Z,1729451634001,2024-10-20T19:13:54Z
489,7272408,7286806,0xd656c6aa49f62d8147f8ec3fa811688eab8d07fae84ce18fd1faa86a89fab3af,1729451634001,2024-10-20T19:13:54Z,1729538034001,2024-10-21T19:13:54Z
490,7286807,7301203,0x11098b21d0b8700a4c19576c6505f6a64f22a040bb63ff9c3b82669ee98569f2,1729538034001,2024-10-21T19:13:54Z,1729624434000,2024-10-22T19:13:54Z
491,7301204,7315603,0xcf9aadf726abdc6b6d7828080807e622355bbe238ea2f198eb1a84e6c0d508e0,1729624434000,2024-10-22T19:13:54Z,1729710834000,2024-10-23T19:13:54Z
492,7315604,7330003,0xd73371cd96398d621b243a951feeab1f402238d72cb156b6e33b9d2f446b1984,1729710834000,2024-10-23T19:13:54Z,1729797234001,2024-10-24T19:13:54Z
493,7330004,7344403,0x9a91a3ae849ccd3e4974ba23ea339224bf2f4a5e5a7d05bab017375d16ad4f1d,1729797234001,2024-10-24T19:13:54Z,1729883634001,2024-10-25T19:13:54Z
494,7344404,7358803,0x3946c6ead462b28c07947be5cdb9fc8d8d2b9ee10edb35d6ddba01d82aba566d,1729883634001,2024-10-25T19:13:54Z,1729970034000,2024-10-26T19:13:54Z
495,7358804,7373203,0x17fc96475957efe4c12e74837b92bf1e7086b7390fa178725356f1dd91cbb72b,1729970034000,2024-10-26T19:13:54Z,1730056434002,2024-10-27T19:13:54Z
496,7373204,7387603,0x1b331d36774a454bcfe54c8b0904c80a17928bb65bfde68f0cc724aaca567d14,1730056434002,2024-10-27T19:13:54Z,1730142834000,2024-10-28T19:13:54Z
497,7387604,7402003,0xf8c93ec0ae42d91e91a4cc417e854482c2eae90cd01e7e68f9bff9707d1695b0,1730142834000,2024-10-28T19:13:54Z,1730229234000,2024-10-29T19:13:54Z
498,7402004,7416403,0x06e70cd2b38f7ecf50d784a4f4bb20ca711df04aea8d467db8a1cbe087ff0a2c,1730229234000,2024-10-29T19:13:54Z,1730315634000,2024-10-30T19:13:54Z
499,7416404,7430803,0xaa56be54bedf1c095fbae1ec04ca23f477179e2b6dec3c973e19a7153b26d7e1,1730315634000,2024-10-30T19:13:54Z,1730402034000,2024-10-31T19:13:54Z
500,7430804,7445203,0xceeec7265b49e67f14a02923ad0f49b1b966df5ffe5dd592271e139efa18415e,1730402034000,2024-10-31T19:13:54Z,1730488434000,2024-11-01T19:13:54Z
501,7445204,7459603,0x6cdbc69fd7379b781c811c606aebb840f422af8efc8e28d5c931abffbf53ea93,1730488434000,2024-11-01T19:13:54Z,1730574834000,2024-11-02T19:13:54Z
502,7459604,7474003,0x7b6c4c6ebc9e5d6f946b4f7aec4c9f343bf6af31c14b7334259ba99a1ca2de54,1730574834000,2024-11-02T19:13:54Z,1730661234000,2024-11-03T19:13:54Z
503,7474004,7488403,0x55536d5defdd93b07658176c643707034d057a501b1bcbff3497790d8a728625,1730661234000,2024-11-03T19:13:54Z,1730747634000,2024-11-04T19:13:54Z
504,7488404,7502803,0x9675b3a049754c82e94523741df245af8f4ea00c164f53c2cb32427a3074ae89,1730747634000,2024-11-04T19:13:54Z,1730834034001,2024-11-05T19:13:54Z
505,7502804,7517203,0xd4c09e93de05f5c1c6a1fb8818f8100303882999cbdd754d7203bf5478d458e0,1730834034001,2024-11-05T19:13:54Z,1730920434000,2024-11-06T19:13:54Z
506,7517204,7531603,0x62222a97ce1c4c6d0a085cbfd20d5841ebe55d8904b06aa84153cf92cc34ca19,1730920434000,2024-11-06T19:13:54Z,1731006834000,2024-11-07T19:13:54Z
507,7531604,7546003,0x44377a2cb6398db0062052639a1e046ae1652716d9b713d94cb1900d337fa733,1731006834000,2024-11-07T19:13:54Z,1731093234000,2024-11-08T19:13:54Z
508,7546004,7560403,0x13d512acc8ce99079af7e76de95d34c7c9439d6b09a80e50ad9b6f60162ec81a,1731093234000,2024-11-08T19:13:54Z,1731179634001,2024-11-09T19:13:54Z
509,7560404,7574803,0x2232c7f1d7010bf5e1bf4a43041b345e6c33df37cb649506cb06d18d9f03d5ff,1731179634001,2024-11-09T19:13:54Z,1731266034000,2024-11-10T19:13:54Z
510,7574804,7589203,0xe6118c4aa148878dc8324c926c7fd79281c9bbf8e195672c2f29c4feafb3ebe9,1731266034000,2024-11-10T19:13:54Z,1731352434000,2024-11-11T19:13:54Z
511,7589204,7603603,0x928e037c2c06416a3f56a2cd3def0a7d1a3ffae1f745eb753f6065ad143a6e27,1731352434000,2024-11-11T19:13:54Z,1731438834001,2024-11-12T19:13:54Z
512,7603604,7618003,0xb1e3f00e971cf25ae553e3bc773e1b137a474438b376caa73add092f5c473429,1731438834001,2024-11-12T19:13:54Z,1731525234000,2024-11-13T19:13:54Z
513,7618004,7632403,0xf6bbf19392371fbad891dbb3502642bd37c977de26da8c5b1cff8e3fb218c977,1731525234000,2024-11-13T19:13:54Z,1731611634000,2024-11-14T19:13:54Z
514,7632404,7646803,0x4a9760cc6e376a891e63ba0aab569416a51142594ecf1a66870dc08da5a59438,1731611634000,2024-11-14T19:13:54Z,1731698034000,2024-11-15T19:13:54Z
515,7646804,7661203,0x74292f0132434b325334ae735048b2d4ba585b340330d0d001ed1456e548a257,1731698034000,2024-11-15T19:13:54Z,1731784434000,2024-11-16T19:13:54Z
516,7661204,7675603,0x90caa7400223df06b9d931a077f9cfe77a0d17da6d6520cf7884ea4d5eec8d34,1731784434000,2024-11-16T19:13:54Z,1731870834001,2024-11-17T19:13:54Z
517,7675604,7690003,0x719c105dcc3f3c7bab617bc640a4ac98ce84bff09c049017d9f11bc5193773ae,1731870834001,2024-11-17T19:13:54Z,1731957234000,2024-11-18T19:13:54Z
518,7690004,7704403,0xfdafba61fc9083f8c2da60653632532bbe1d34c74aebd279ae3a473fbe940269,1731957234000,2024-11-18T19:13:54Z,1732043634000,2024-11-19T19:13:54Z
519,7704404,7718803,0x56aa7f2252888094675ad52339479a9990837d1eed8739d17567f6008874a81c,1732043634000,2024-11-19T19:13:54Z,1732130034000,2024-11-20T19:13:54Z
520,7718804,7733203,0x1022c6808863abc010cf32627d79ac4ce1062e150812db11ff2992d194d7b0fc,1732130034000,2024-11-20T19:13:54Z,1732216434000,2024-11-21T19:13:54Z
521,7733204,7747603,0xc8cc202cacd5c6c865aae756d5e47b93815085d1e8c071809b82f6d8dc22dfaf,1732216434000,2024-11-21T19:13:54Z,1732302834000,2024-11-22T19:13:54Z
522,7747604,7762003,0xf0456992fe35a178d9620d603ec4b95a887364b50a1c0a8d21832e17b484cdda,1732302834000,2024-11-22T19:13:54Z,1732389234000,2024-11-23T19:13:54Z
523,7762004,7776403,0x98d7bfb5fc588a088bf3e81aad98be3bf393cf4bf2d29e306a0449e5aa4fef54,1732389234000,2024-11-23T19:13:54Z,1732475634000,2024-11-24T19:13:54Z
524,7776404,7790803,0xb895aa736291d6ef200d4811b84a1d4f1c55f1939414203ac40121716c78dfe0,1732475634000,2024-11-24T19:13:54Z,1732562034001,2024-11-25T19:13:54Z
525,7790804,7805203,0xf6d90801919c39e980fa1c22687a20510c788197de2f6dfd0766c78a1da3d222,1732562034001,2024-11-25T19:13:54Z,1732648434000,2024-11-26T19:13:54Z
526,7805204,7819603,0xfa86c7e10e95c87053c01831d2d6f7537796086b8a471c05d1fbf2111847d49e,1732648434000,2024-11-26T19:13:54Z,1732734834000,2024-11-27T19:13:54Z
527,7819604,7834002,0x978d40d245112de22c1a30db5848d0db92c74043fa003bde2fac4f975ded8c86,1732734834000,2024-11-27T19:13:54Z,1732821234000,2024-11-28T19:13:54Z
528,7834003,7848402,0xa622dbf735bdd27d6b5166823db5634df5c059216ce19762258849250334d70a,1732821234000,2024-11-28T19:13:54Z,1732907634000,2024-11-29T19:13:54Z
529,7848403,7862802,0x022ebbd8078c2849e60ea463a34d75ba8534692c87b45634133ad18ce1771641,1732907634000,2024-11-29T19:13:54Z,1732994034001,2024-11-30T19:13:54Z
530,7862803,7877202,0x131a2dcf609ad061b9c2c77477128cdb40b3cb4f2bfbca7ce6491c8bec24de78,1732994034001,2024-11-30T19:13:54Z,1733080434000,2024-12-01T19:13:54Z
531,7877203,7891598,0x22bdc99000eb9e225d4c108c5e7a3857e4b59765d3add246a34b6ce45fb46a1c,1733080434000,2024-12-01T19:13:54Z,1733166834001,2024-12-02T19:13:54Z
532,7891599,7905997,0xea1f00e0b411a5319493634464684a31fd6c377cfc37865a2337e2047f2e9617,1733166834001,2024-12-02T19:13:54Z,1733253234000,2024-12-03T19:13:54Z
533,7905998,7920397,0x0e45d04f0ce4dae705ac50a1fd36a0a4340bffaf4719bad89facfca585f783bb,1733253234000,2024-12-03T19:13:54Z,1733339634000,2024-12-04T19:13:54Z
534,7920398,7934796,0xcddeb358cb662424dafe86e327e0872282084ad9295f9f375fa67b608732e1df,1733339634000,2024-12-04T19:13:54Z,1733426034001,2024-12-05T19:13:54Z
535,7934797,7949196,0xcf2d1ab4413b3300d352f2f5ab281b7f33336631b25ea3060014a1d5ff7810b8,1733426034001,2024-12-05T19:13:54Z,1733512434000,2024-12-06T19:13:54Z
536,7949197,7963596,0x999592ebea308617627f5f7e2563e2dc99a3c9ff5c4cf81a2ad9bbed793ef70a,1733512434000,2024-12-06T19:13:54Z,1733598834000,2024-12-07T19:13:54Z
537,7963597,7977996,0xa55f855832622a83131f578a50b3eb1e3a5864f82d91fb1115e29919900f3d08,1733598834000,2024-12-07T19:13:54Z,1733685234000,2024-12-08T19:13:54Z
538,7977997,7992396,0x64280b6526dddca0544c0cfcd7de6b2536165526b0effe3cd67dff5f47e537cd,1733685234000,2024-12-08T19:13:54Z,1733771634000,2024-12-09T19:13:54Z
539,7992397,8006796,0xd26a3e2e0f5f003bd4d7605def2b6976afb0dfd5b12d1819dbd4b906a000685f,1733771634000,2024-12-09T19:13:54Z,1733858034001,2024-12-10T19:13:54Z
540,8006797,8021196,0xafcd2ab33ec074718c32d9b98d68659011fbe59076386f319470a21762d65d5d,1733858034001,2024-12-10T19:13:54Z,1733944434000,2024-12-11T19:13:54Z
541,8021197,8035596,0xe85b464fa8f3eaca3b31bae62e253c397e8c9518698e03298d768710b8be71a8,1733944434000,2024-12-11T19:13:54Z,1734030834001,2024-12-12T19:13:54Z
542,8035597,8049996,0x02b7f0aee356b5ed0673e79f77645c0038249fa734747d1725c025afb65d2bdc,1734030834001,2024-12-12T19:13:54Z,1734117234000,2024-12-13T19:13:54Z
543,8049997,8064336,0x464508b7110cb8d55f8fe7c69cec45f22e5eddfb12017ff98c5e6c667c499c30,1734117234000,2024-12-13T19:13:54Z,1734203634000,2024-12-14T19:13:54Z
544,8064337,8078736,0x93a9fd51788f2c160d60c4c1ccffcf9d72f1c6ae7c7f74f43cc1499e67521644,1734203634000,2024-12-14T19:13:54Z,1734290034000,2024-12-15T19:13:54Z
545,8078737,8093136,0x0e5f02cba3080dc49a6c839a9d69a0235986bf5451c15e12df59ca2aa7b7b6f6,1734290034000,2024-12-15T19:13:54Z,1734376434008,2024-12-16T19:13:54Z
546,8093137,8107536,0x4f04bd0b7341bee1e2571246407aedda90dbf20a8bb34ae55bafe8da7f7af62c,1734376434008,2024-12-16T19:13:54Z,1734462834001,2024-12-17T19:13:54Z
547,8107537,8121936,0x206a1f6d8b95956074c4306658f49928f4c1544621213f3ec6cc3622df9906e3,1734462834001,2024-12-17T19:13:54Z,1734549234000,2024-12-18T19:13:54Z
548,8121937,8136336,0xd6ba6f402f4e57d9b817d0c608af95b0c022e2bf7a03991138f5065d30377182,1734549234000,2024-12-18T19:13:54Z,1734635634001,2024-12-19T19:13:54Z
549,8136337,8150736,0x951377a950e259685db90b46fbd76944fc2ea475ca1e9620855317ef3b429ca9,1734635634001,2024-12-19T19:13:54Z,1734722034001,2024-12-20T19:13:54Z
550,8150737,8165136,0x2dd469dde78a87352268a16ec007a12c112bc34da61b7cbb9fd4154863a1a04e,1734722034001,2024-12-20T19:13:54Z,1734808434000,2024-12-21T19:13:54Z
551,8165137,8179536,0xcf409f358f475ad7d5e87aa718ac0f509416e01d0fd2aec3268e951392be1fbe,1734808434000,2024-12-21T19:13:54Z,1734894834000,2024-12-22T19:13:54Z
552,8179537,8193936,0xa5418c7acdf07aaaeeb6f2994249fa5e147d721662bb8090970be1efa095f584,1734894834000,2024-12-22T19:13:54Z,1734981234000,2024-12-23T19:13:54Z
553,8193937,8208336,0xe99257a6a5549602152feba51392c3397cd1e3222ad6435a6dbe85c1ab14eac6,1734981234000,2024-12-23T19:13:54Z,1735067634001,2024-12-24T19:13:54Z
554,8208337,8222736,0xa8e6448000a4492d95e0bf3ee76883255321283efb3792f3f794fc23015dd122,1735067634001,2024-12-24T19:13:54Z,1735154034001,2024-12-25T19:13:54Z
555,8222737,8237133,0x6efc31486141c454a0f0b2d9e90bfee68b04526a5176aa4bbf330aa6d20a36bf,1735154034001,2024-12-25T19:13:54Z,1735240434001,2024-12-26T19:13:54Z
556,8237134,8251533,0x6b085600954b5b5729784ceb0e88c4128a8edc6e526d4bc1962350d8adf09f40,1735240434001,2024-12-26T19:13:54Z,1735326834000,2024-12-27T19:13:54Z
557,8251534,8265933,0xd91064422a91af4deb563676e27a1e0863309d091367fb9bad070288dfe3b55f,1735326834000,2024-12-27T19:13:54Z,1735413234000,2024-12-28T19:13:54Z
558,8265934,8280333,0x9ad556973ee625002fa3e6555c2976b7ea7851a2e37cf0efa63e18eaf86c2986,1735413234000,2024-12-28T19:13:54Z,1735499634001,2024-12-29T19:13:54Z
559,8280334,8294733,0x4392dc966d5bcbad80de67e41a6a34ee912bb4e524808438b6b44e0a9753a4c3,1735499634001,2024-12-29T19:13:54Z,1735586034000,2024-12-30T19:13:54Z
560,8294734,8309133,0xc2cdf7c78522ed81433cdc651f697784d356832ec11aa977dd4d50451a691b1a,1735586034000,2024-12-30T19:13:54Z,1735672434000,2024-12-31T19:13:54Z
561,8309134,8323533,0x65674012ca26efd88c2872bbe2f4dc3b71b7ca3c43c4e623b131bda9467583e1,1735672434000,2024-12-31T19:13:54Z,1735758834001,2025-01-01T19:13:54Z
562,8323534,8337933,0x58c309b182b79e957e516c701dd90e4ab23ebde4679b68d49c0cd292a1a88e12,1735758834001,2025-01-01T19:13:54Z,1735845234000,2025-01-02T19:13:54Z
563,8337934,8352333,0x98560d30b5058a096043b5eef44ec0a1c030f8360f6d267438084bb53001989a,1735845234000,2025-01-02T19:13:54Z,1735931634000,2025-01-03T19:13:54Z
564,8352334,8366733,0x940516bf0c1a40060f79250469a964596384946d040faab54ab3a9fec4b0e497,1735931634000,2025-01-03T19:13:54Z,1736018034000,2025-01-04T19:13:54Z
565,8366734,8381133,0x301a06e67348f3cefb4c2fcf26fc10263b022d76a45d0a7a5e08b5b810b128b9,1736018034000,2025-01-04T19:13:54Z,1736104434001,2025-01-05T19:13:54Z
566,8381134,8395533,0xc8a43a4ff7b4467b700d3f0ee2f6dc1b62b6f8411545674fe298c5f55537e2eb,1736104434001,2025-01-05T19:13:54Z,1736190834001,2025-01-06T19:13:54Z
567,8395534,8409933,0x39de21f2ded4d06fb88ae17063de1d2fc68c468996b346f6052051429a8c2cc7,1736190834001,2025-01-06T19:13:54Z,1736277234000,2025-01-07T19:13:54Z
568,8409934,8424333,0x8d6401c67f473f0a5cfea6c77ee7a128b7e742b5b7aff2629ab35b3f6380d0a4,1736277234000,2025-01-07T19:13:54Z,1736363634001,2025-01-08T19:13:54Z
569,8424334,8438733,0x4cf19325a9d15cda1f4446b87eb21176ed5f3bbb9946ca562a3caee03f5c041a,1736363634001,2025-01-08T19:13:54Z,1736450034000,2025-01-09T19:13:54Z
570,8438734,8453133,0x2dcf3b016608f78220656eb6d4d06cf0713b21a60b85e5f493d3e92b4b5149a6,1736450034000,2025-01-09T19:13:54Z,1736536434000,2025-01-10T19:13:54Z
571,8453134,8467533,0x77d0e9b6c65916a44ab0fedf1b91136b11893357053f48a309f1cb06ff5cd950,1736536434000,2025-01-10T19:13:54Z,1736622834000,2025-01-11T19:13:54Z
572,8467534,8481933,0xf20da736429b675dd00dd81d2b482a893a944b7f762dd5a44aa555f4659b8a5e,1736622834000,2025-01-11T19:13:54Z,1736709234001,2025-01-12T19:13:54Z
573,8481934,8496333,0x953f52a0096684095af1f4e8660808e2a871e06808034157abd5e109e16a3117,1736709234001,2025-01-12T19:13:54Z,1736795634000,2025-01-13T19:13:54Z
574,8496334,8510733,0xd4bcbfa300da1cf6750ff793a59fc52f6c44a1cc505e22e8110feb71aa7774bd,1736795634000,2025-01-13T19:13:54Z,1736882034001,2025-01-14T19:13:54Z
575,8510734,8525133,0x717c803a7a5bb7ce6a628dba31fc810e4e6d1806facba6691d9fd9a6cb16e6e8,1736882034001,2025-01-14T19:13:54Z,1736968434000,2025-01-15T19:13:54Z
576,8525134,8539533,0x19ef254308b57f05ee2ab0fcec31250a565943e0bf46a5ea8fdd67b06c242a39,1736968434000,2025-01-15T19:13:54Z,1737054834000,2025-01-16T19:13:54Z
577,8539534,8553933,0x0d76c146631fee0254511e43dace12f1bd6a52e50997fa09a8b70691758bc347,1737054834000,2025-01-16T19:13:54Z,1737141234001,2025-01-17T19:13:54Z
578,8553934,8568333,0xdee48024a9a34082c1a7e050ce76282c48dad9b752efb18cff4d1beb2a7f1edb,1737141234001,2025-01-17T19:13:54Z,1737227634000,2025-01-18T19:13:54Z
579,8568334,8582529,0x70b8ea40c39a0b9f394c10db67e4ae8401623a25a05e986aabc694b02ce0ff29,1737227634000,2025-01-18T19:13:54Z,1737314034000,2025-01-19T19:13:54Z
580,8582530,8596929,0xc482d78cad668f7814d42b9104d4aa38720c39407544cb2f4c15827b6794bf85,1737314034000,2025-01-19T19:13:54Z,1737400434001,2025-01-20T19:13:54Z
581,8596930,8611329,0xda9e8df440fba93ad6472e4e37f01a06d3fc81b981cef73f85102409cf4849f5,1737400434001,2025-01-20T19:13:54Z,1737486834000,2025-01-21T19:13:54Z
582,8611330,8625729,0xd74f4f25337e60ed45743430784692661d850e0ec1b2a418bc8fd0dcc8d4391b,1737486834000,2025-01-21T19:13:54Z,1737573234000,2025-01-22T19:13:54Z
583,8625730,8640129,0xf4ac515bbd60aaacaab567b201a3a5f3011c008234a5bd1e4f8e3615bd2edf8d,1737573234000,2025-01-22T19:13:54Z,1737659634000,2025-01-23T19:13:54Z
584,8640130,8654529,0xd509b8915b30eff993368ccee226cb1c297079a72e952a09772cf899a7c0daa7,1737659634000,2025-01-23T19:13:54Z,1737746034000,2025-01-24T19:13:54Z
585,8654530,8668926,0x661a0a2f31e9fb9b4c65ec8fe441b10f6516bcf652980ddeaa8b8d7eb58e94c8,1737746034000,2025-01-24T19:13:54Z,1737832434000,2025-01-25T19:13:54Z
586,8668927,8683326,0x794b8ee75a653a732f8542e0eaced62e58d07eed03e2e85d107e032ad89dc6b8,1737832434000,2025-01-25T19:13:54Z,1737918834000,2025-01-26T19:13:54Z
587,8683327,8697726,0xd26c24a965c5aa634427886e42ce04dcc53359aa3f3cc92492a330fed03acdd3,1737918834000,2025-01-26T19:13:54Z,1738005234000,2025-01-27T19:13:54Z
588,8697727,8712126,0xbd5dd74de9733c17a54b8d51f26c2b2e4da977f0eec08b563b05fbe878436c01,1738005234000,2025-01-27T19:13:54Z,1738091634000,2025-01-28T19:13:54Z
589,8712127,8726519,0x3a713c3aa94d20f03f280bf14f1d860b1e13841a5037a89fc97b9ead9a447c37,1738091634000,2025-01-28T19:13:54Z,1738178034001,2025-01-29T19:13:54Z
590,8726520,8740918,0x2cd2d769e0b091ec85f78928729a310f4704bfe30eaef363a22dc753d8da24b2,1738178034001,2025-01-29T19:13:54Z,1738264434001,2025-01-30T19:13:54Z
591,8740919,8755318,0x0eec7953d74dabdc77571607cfb5b2d226f4850aba733a9846ae4c721743a5d4,1738264434001,2025-01-30T19:13:54Z,1738350834001,2025-01-31T19:13:54Z
592,8755319,8769705,0xb825fc22aa76f0c628c28ca9d868bf559ace90f98c5dbd60d00e22023672af5c,1738350834001,2025-01-31T19:13:54Z,1738437234000,2025-02-01T19:13:54Z
593,8769706,8784105,0x2ee5d6b3c1a51979bfe90d0bb2af34143cf934dc71e088b77e98a822659f99ba,1738437234000,2025-02-01T19:13:54Z,1738523634000,2025-02-02T19:13:54Z
594,8784106,8798505,0x9c41cecfd232b9c499e76ff655b507f1d8acc516f7b4a9ec53f0e291716f59a8,1738523634000,2025-02-02T19:13:54Z,1738610034000,2025-02-03T19:13:54Z
595,8798506,8812905,0x137f5c59bfea31c5d29e35f78eeb7cca5f08504777e0cab03df77d07f5c46461,1738610034000,2025-02-03T19:13:54Z,1738696434000,2025-02-04T19:13:54Z
596,8812906,8827305,0xe753cc18c2694113d9a313129a12b82f53fc549751b074b8198a5170f417c397,1738696434000,2025-02-04T19:13:54Z,1738782834000,2025-02-05T19:13:54Z
597,8827306,8841705,0xf9fe69fcb91110b5193d2c3ba31174ba6ebd5c8fac6e07c0412d8fb39ef8629f,1738782834000,2025-02-05T19:13:54Z,1738869234001,2025-02-06T19:13:54Z
598,8841706,8856105,0x54ca53a37477f99bf20ae3b0425d286476957d3b61df10a49a742a642148a9a3,1738869234001,2025-02-06T19:13:54Z,1738955634000,2025-02-07T19:13:54Z
599,8856106,8870504,0x726fea91c5fb211c7516cd1730bbfb0c7ec4ce9ef5c7bbeb78fa1f7d58cb4591,1738955634000,2025-02-07T19:13:54Z,1739042034001,2025-02-08T19:13:54Z
600,8870505,8884904,0x29da3a2f8ecfce79d380816e2af1bf098df44d33bc0d43cb15b2db9a53012d64,1739042034001,2025-02-08T19:13:54Z,1739128434001,2025-02-09T19:13:54Z
601,8884905,8899304,0xab4c13582a6d06ef8cbf322fcd3b3bb604c7474ca6dcb31d6c8f577b615c911c,1739128434001,2025-02-09T19:13:54Z,1739214834001,2025-02-10T19:13:54Z
602,8899305,8913704,0x02396f3d2470428675a2bb5ad4717c1b96f3a5013a587268badbbcf1b61914de,1739214834001,2025-02-10T19:13:54Z,1739301234000,2025-02-11T19:13:54Z
603,8913705,8928104,0x02d0b7e18dea604fbfe145e00177f4c27b4b44b91b0b8234d8e88c3304669299,1739301234000,2025-02-11T19:13:54Z,1739387634000,2025-02-12T19:13:54Z
604,8928105,8942504,0xeb84a2194a76588d259915e0e294121459e877fbb2ef1f5db2bdef403865c14f,1739387634000,2025-02-12T19:13:54Z,1739474034000,2025-02-13T19:13:54Z
605,8942505,8956904,0xe30b27f595826f5cb18fce5509ddd869ebe23d3d7e6735f05e9fd4d9b84d6443,1739474034000,2025-02-13T19:13:54Z,1739560434000,2025-02-14T19:13:54Z
606,8956905,8971304,0xafbe091ca6ba75d47c018440e3afbf79350fcfd053c6c22e92ee8d1b7f9a6085,1739560434000,2025-02-14T19:13:54Z,1739646834001,2025-02-15T19:13:54Z
607,8971305,8985704,0x5f2c789218cef040098f19c04816d07616891f06a7a8b9f21072b518633c3e5c,1739646834001,2025-02-15T19:13:54Z,1739733234001,2025-02-16T19:13:54Z
608,8985705,9000093,0x8ad97c8c4ca646e074e5de3c622becfc0ff65233966a304377933daa4f6e9391,1739733234001,2025-02-16T19:13:54Z,1739819634001,2025-02-17T19:13:54Z
609,9000094,9014493,0xc9731bb953525013235c168dac1105067f51a725abbe2ca280cb7962ddda3554,1739819634001,2025-02-17T19:13:54Z,1739906034000,2025-02-18T19:13:54Z
610,9014494,9028893,0x469f41d51d049ff1f9a515ed4a83ace07316c83bc5197560caf4ede64e72151b,1739906034000,2025-02-18T19:13:54Z,1739992434000,2025-02-19T19:13:54Z
611,9028894,9043293,0xb90638f4156ebdb4948f893d67dd088bf315b9220211c0752e1514bd236faf01,1739992434000,2025-02-19T19:13:54Z,1740078834000,2025-02-20T19:13:54Z
612,9043294,9057693,0xfbf7382d4af0389d7fb00dc1e83fc677b00b20beecbc7dce3376c3f1a0a779e3,1740078834000,2025-02-20T19:13:54Z,1740165234000,2025-02-21T19:13:54Z
613,9057694,9072093,0xf53228a7b9182e7a0e63ebcad96b7241470d93afed4389b15c6596158ab3df31,1740165234000,2025-02-21T19:13:54Z,1740251634001,2025-02-22T19:13:54Z
614,9072094,9086493,0xa85244bce4752f646203899539c15615dc086d674c869ee723dfd9377b92650c,1740251634001,2025-02-22T19:13:54Z,1740338034000,2025-02-23T19:13:54Z
615,9086494,9100889,0xd8c1a4536c073e947eb03fd5739ce5fbf312c932d4bc265f9b81b7bec223b5de,1740338034000,2025-02-23T19:13:54Z,1740424434000,2025-02-24T19:13:54Z
616,9100890,9115289,0x0facac55c168ffcf728e86f32ac14870e58327c7e5ded5681bb8485bb358c4da,1740424434000,2025-02-24T19:13:54Z,1740510834001,2025-02-25T19:13:54Z
617,9115290,9129689,0x2d58f8a95252efeafd99c263c9e27b377de0b7e6f515592b16909d81b33082dd,1740510834001,2025-02-25T19:13:54Z,1740597234000,2025-02-26T19:13:54Z
618,9129690,9144089,0x1a89b7dcdcadb2f1329e91d8c05908b8620474872bcb0684108629e0df2f88e8,1740597234000,2025-02-26T19:13:54Z,1740683634001,2025-02-27T19:13:54Z
619,9144090,9158489,0xd7175a41b7c088773b37eb7ebec47dc9d8c8f1244a77ec67d73001bf94938f2c,1740683634001,2025-02-27T19:13:54Z,1740770034000,2025-02-28T19:13:54Z
620,9158490,9172889,0xfabc7ff2bd75fcbb26580a72ca35ae536495bd249a83c70bed2619975e8f0f87,1740770034000,2025-02-28T19:13:54Z,1740856434000,2025-03-01T19:13:54Z
621,9172890,9187289,0x536cb858d71777a0953de7a151602b98d52e298e48e191e94e63a0ed7550c8cd,1740856434000,2025-03-01T19:13:54Z,1740942834000,2025-03-02T19:13:54Z
622,9187290,9201689,0xc108bfe93468c01f526c79d3c9b7c6509384fbee34704ba4704933083737955b,1740942834000,2025-03-02T19:13:54Z,1741029234000,2025-03-03T19:13:54Z
623,9201690,9216089,0x0c50486783788e51c5374c8f0986f66013f87302a7828b4d9d3df307ec86cacf,1741029234000,2025-03-03T19:13:54Z,1741115634000,2025-03-04T19:13:54Z
624,9216090,9230489,0x4d25d632fa3b23fcdc470dae0d5845107f11a2b38e1a2e90df6933046c14629c,1741115634000,2025-03-04T19:13:54Z,1741202034000,2025-03-05T19:13:54Z
625,9230490,9244889,0xd26d6f3f754cdb037c8e095852dee35e1e9707b1ab8f68ba48f63fddf8339ef5,1741202034000,2025-03-05T19:13:54Z,1741288434001,2025-03-06T19:13:54Z
626,9244890,9259289,0x3d5be238c811395ea930be5746f24d85014f00a272062a83d10ac60c503a296f,1741288434001,2025-03-06T19:13:54Z,1741374834000,2025-03-07T19:13:54Z
627,9259290,9273689,0x211337d9ab098ecd9f62e1063ff36ef2ec5cefaee77fbc240ac74af9947027b4,1741374834000,2025-03-07T19:13:54Z,1741461234000,2025-03-08T19:13:54Z
628,9273690,9288089,0xe6880cc22a6692b9635c1c65189588d76d25da915c0491788fb82cbf3343a216,1741461234000,2025-03-08T19:13:54Z,1741547634001,2025-03-09T19:13:54Z
629,9288090,9302489,0x2afa39f5f208217eaad51d4bf9c9c623cdd8e4178ac5b7099445d656f97a5905,1741547634001,2025-03-09T19:13:54Z,1741634034000,2025-03-10T19:13:54Z
630,9302490,9316889,0xc5b126b6ae1c6d18797d6e775e1fa1ad38c0ad88f8d7026fe92c9b9b793c1718,1741634034000,2025-03-10T19:13:54Z,1741720434001,2025-03-11T19:13:54Z
631,9316890,9331289,0x78e2271c687c2eb1ce1ce0f828de2630352777779b4812d75fc4265e4933306d,1741720434001,2025-03-11T19:13:54Z,1741806834001,2025-03-12T19:13:54Z
632,9331290,9345689,0x9b48ef1677051a84a4427f2bdaf171668b124577d15ad51beff264caa266df43,1741806834001,2025-03-12T19:13:54Z,1741893234000,2025-03-13T19:13:54Z
633,9345690,9360089,0xd3532c7a044dc9f2782c6cd56f8d0825816496e43e133fa2b40719af7bccc7ba,1741893234000,2025-03-13T19:13:54Z,1741979634000,2025-03-14T19:13:54Z
634,9360090,9374489,0xa0403ecf8fde157844aeee1d21e12d2dacbc85474780ef629bbad98e7ee86aa0,1741979634000,2025-03-14T19:13:54Z,1742066034000,2025-03-15T19:13:54Z
635,9374490,9388889,0xdb1afe2c61b3f77ca8098c537965a615dd7f4b6651d73c075f809e3daef05ac7,1742066034000,2025-03-15T19:13:54Z,1742152434000,2025-03-16T19:13:54Z
636,9388890,9403289,0xe9130f82389937109b5a598efa014351b0b6844442b624bc752176f1f0660f8a,1742152434000,2025-03-16T19:13:54Z,1742238834000,2025-03-17T19:13:54Z
637,9403290,9417686,0xca0254944da9421f5fea8847b4539a4b8b363ed279b93b5a02b53d721ee38534,1742238834000,2025-03-17T19:13:54Z,1742325234000,2025-03-18T19:13:54Z
638,9417687,9432085,0x2ee22c0bcd6dbbd6fa82555967a8b6851f0539c23e4474695fdd7589dfe3356d,1742325234000,2025-03-18T19:13:54Z,1742411634000,2025-03-19T19:13:54Z
639,9432086,9446485,0x5ee39112a718c634fd92890897bc5b1cfc11498cc866204617f665665db886a1,1742411634000,2025-03-19T19:13:54Z,1742498034000,2025-03-20T19:13:54Z
640,9446486,9460885,0xadb3444c2c9b3ef131dc3a623185136c2b1e018368256690a3dfc302fa518fb7,1742498034000,2025-03-20T19:13:54Z,1742584434000,2025-03-21T19:13:54Z
641,9460886,9475285,0x96c65ce5be8ee6c57228e39b79d331f4497dcb468c32967cacb6085fa9882c3c,1742584434000,2025-03-21T19:13:54Z,1742670834000,2025-03-22T19:13:54Z
642,9475286,9489685,0xd7a9798ab92fdd9c59eea12cc11ac0ca57c4823aa73722b095fa59f2321360a5,1742670834000,2025-03-22T19:13:54Z,1742757234000,2025-03-23T19:13:54Z
643,9489686,9504085,0xe34940b458b08ac9904dea548445ec77db2e80a35e6dc95eee9771904e78b650,1742757234000,2025-03-23T19:13:54Z,1742843634000,2025-03-24T19:13:54Z
644,9504086,9518485,0x80dff082f98bb221400b7056b4d2a6b6d652d3312f5c2ffa9743df1ba78c9629,1742843634000,2025-03-24T19:13:54Z,1742930034000,2025-03-25T19:13:54Z
645,9518486,9532885,0x351a987c369a587d12091b96c26447cd1b4c1ae7ca42f843e6eb99550e23a8a3,1742930034000,2025-03-25T19:13:54Z,1743016434000,2025-03-26T19:13:54Z
646,9532886,9547285,0x46e7fd5c949d062135b78108bbec1622edfe747e6ad0d2ff74cde7ddbdc60e20,1743016434000,2025-03-26T19:13:54Z,1743102834000,2025-03-27T19:13:54Z
647,9547286,9561685,0xef45740617a37dceb66137141e7d205f14040a01c0e88cdc8cc455910ecc2cc0,1743102834000,2025-03-27T19:13:54Z,1743189234000,2025-03-28T19:13:54Z
648,9561686,9576085,0x58599102c68c523e5890e1e6d80bf0bd16a7617defa39360b0efd09b53401f21,1743189234000,2025-03-28T19:13:54Z,1743275634000,2025-03-29T19:13:54Z
649,9576086,9590485,0x7ff55e8889c7fc073e2af17a3b470ec6bb24e2b85351e599c1055bbf9bc2c770,1743275634000,2025-03-29T19:13:54Z,1743362034001,2025-03-30T19:13:54Z
650,9590486,9604885,0xfdb222884d5be1a64047e6df464ed1ba78e7ee8b6319733b0bc47994f8bf0392,1743362034001,2025-03-30T19:13:54Z,1743448434000,2025-03-31T19:13:54Z
651,9604886,9619285,0x63087952ff45c430b6ab71f307cb163c6613862ffc067b7195cf39a9f3da8815,1743448434000,2025-03-31T19:13:54Z,1743534834000,2025-04-01T19:13:54Z
652,9619286,9633685,0xe304beb56ec82d8afc29019cee2d367b7b26c4e8d3112b39c84c11d1d63fd983,1743534834000,2025-04-01T19:13:54Z,1743621234000,2025-04-02T19:13:54Z
653,9633686,9648085,0x857304943d4dff53827dbc39241d38b00b5d499a15be71f2fd2d69d04cfdca89,1743621234000,2025-04-02T19:13:54Z,1743707634001,2025-04-03T19:13:54Z
654,9648086,9662473,0xef4043ec4aeaff254a76875ff2c88acb083e1b0fac4392962ba2d42a07754df0,1743707634001,2025-04-03T19:13:54Z,1743794034000,2025-04-04T19:13:54Z
655,9662474,9676792,0x331cdc798212267abe95c7de6589a8de236cf31cb4515896085b0ad262d1c2f0,1743794034000,2025-04-04T19:13:54Z,1743880434001,2025-04-05T19:13:54Z
656,9676793,9690978,0x09d2377e683d57629d5b161bf71a234487087614b0c8dc977363d6c07ed81ad2,1743880434001,2025-04-05T19:13:54Z,1743966834001,2025-04-06T19:13:54Z
657,9690979,9705378,0xf05b33f965ed8d81aadb5fc2212f4247de7e33703c1ab270c07c9e6b96bc35a8,1743966834001,2025-04-06T19:13:54Z,1744053234000,2025-04-07T19:13:54Z
658,9705379,9719778,0xd1f6d4632fd1f0743c4730b13a4c1a3ffda3188b644966753c66c4e5a4d1d254,1744053234000,2025-04-07T19:13:54Z,1744139634000,2025-04-08T19:13:54Z
659,9719779,9734178,0x3af5c21042a8c5a2211f8d5e0fd40ee0c372bfa1e9a9c6b41e7568ee05f68cee,1744139634000,2025-04-08T19:13:54Z,1744226034000,2025-04-09T19:13:54Z
660,9734179,9748578,0x7c52113c6f1db87150cc48c9d7f17881fec591d537aac1e3682e26c57166c678,1744226034000,2025-04-09T19:13:54Z,1744312434000,2025-04-10T19:13:54Z
661,9748579,9762975,0xe84cda75cb2f020aa80bd3744609531061f918490884aa64c1d0375d582f3974,1744312434000,2025-04-10T19:13:54Z,1744398834000,2025-04-11T19:13:54Z
662,9762976,9777375,0xc9bdddf0d14e260cdda56dff2e271eae0a149d5e8a8e2885c3907b41bf5b2784,1744398834000,2025-04-11T19:13:54Z,1744485234000,2025-04-12T19:13:54Z
663,9777376,9791775,0x5410650ed70eb5ea78725249aedc3520025debe3ca96279f663d4b121c7ea3df,1744485234000,2025-04-12T19:13:54Z,1744571634000,2025-04-13T19:13:54Z
664,9791776,9806175,0x517e431bc62a2b93ec4fbf54f28a5804613984efdea0ac35267d076961877099,1744571634000,2025-04-13T19:13:54Z,1744658034000,2025-04-14T19:13:54Z
665,9806176,9820575,0x4b3f2cff530b88edcace8923c6de01e14fdc2c0bbb8819dfd5d7b29ae22cd59a,1744658034000,2025-04-14T19:13:54Z,1744744434000,2025-04-15T19:13:54Z
666,9820576,9834975,0xd2b9e34c9c5584878e01a67c9b7f9f62388e945c4efb2a56b1aebda7bf3a26bd,1744744434000,2025-04-15T19:13:54Z,1744830834001,2025-04-16T19:13:54Z
667,9834976,9849375,0x0ae5ddbc942eebde1a8393054a534dae3381b7569872ec4191f2fd3b7c47759b,1744830834001,2025-04-16T19:13:54Z,1744917234000,2025-04-17T19:13:54Z
668,9849376,9863775,0xf837524f37804b481049fdd63cada86b3816a47d17631f787c87b60edce07772,1744917234000,2025-04-17T19:13:54Z,1745003634000,2025-04-18T19:13:54Z
669,9863776,9878175,0x61f1422e4382d267428579208a7dbb99564c32b93aec070d6243fc3bbfec0481,1745003634000,2025-04-18T19:13:54Z,1745090034000,2025-04-19T19:13:54Z
670,9878176,9892575,0xf425d5eedc5a022506a13f18ff8437dc0ceade1c1843f4caa93b63c64e7d1107,1745090034000,2025-04-19T19:13:54Z,1745176434000,2025-04-20T19:13:54Z
671,9892576,9906975,0x5b010ab95f699fc7928674961fafdc83cf3c7df77a6ddb50aaf835ffb4734dd6,1745176434000,2025-04-20T19:13:54Z,1745262834000,2025-04-21T19:13:54Z
672,9906976,9921375,0x4fd773759298af8a501ec96532a20fd1e8eb0b40ab084fec4ebea9cb8a2380bf,1745262834000,2025-04-21T19:13:54Z,1745349234000,2025-04-22T19:13:54Z
673,9921376,9935775,0xb13b16950b44dcde50cbbfceba992f27e8523ab7b168ec19a441a2270d96e2e0,1745349234000,2025-04-22T19:13:54Z,1745435634000,2025-04-23T19:13:54Z
674,9935776,9950175,0x4555c1e92b631dacdfa4d476e95c612eadc55bbfe9575f1720fc1ad63435ed3d,1745435634000,2025-04-23T19:13:54Z,1745522034000,2025-04-24T19:13:54Z
675,9950176,9964575,0x6330e54cbb51a0ed412900f6893bfd448d6e4dd9d1f7c801b5271354a478fc46,1745522034000,2025-04-24T19:13:54Z,1745608434000,2025-04-25T19:13:54Z
676,9964576,9978975,0xd3cccb06191ab89157e7104cbb0edce63fb8230574ad0e78abfac5bce87751b1,1745608434000,2025-04-25T19:13:54Z,1745694834001,2025-04-26T19:13:54Z
677,9978976,9993375,0x273f67690c88b983967383aaf780b5544803cab7444dd8ab3c2b1a43f8740c25,1745694834001,2025-04-26T19:13:54Z,1745781234000,2025-04-27T19:13:54Z
678,9993376,10007775,0x2cdce6fbda6f0d52f937e982c9e278e80078174d75fd19513a558216497d4518,1745781234000,2025-04-27T19:13:54Z,1745867634001,2025-04-28T19:13:54Z
679,10007776,10022168,0xd9fc53c516ec2484424b612bc26365d57aefb4be42921f4c89cfca95c2d3a295,1745867634001,2025-04-28T19:13:54Z,1745954034001,2025-04-29T19:13:54Z
680,10022169,10036557,0x1992d83c1c56189e64cf993e2604d2c8b3eba536e6607efd16b4e1255f92abf3,1745954034001,2025-04-29T19:13:54Z,1746040434000,2025-04-30T19:13:54Z
681,10036558,10050957,0x30c4b9516a69ac42590926c84e23dabb1486a41734a65663d9c3f45e001cef06,1746040434000,2025-04-30T19:13:54Z,1746126834000,2025-05-01T19:13:54Z
682,10050958,10065349,0xc650590a0f06e799881d0d12163e6b60e6ed13210fe8635174dfe69097d3f321,1746126834000,2025-05-01T19:13:54Z,1746213234000,2025-05-02T19:13:54Z
683,10065350,10079307,0x6eb8d57b5cd23dabfdb5edf2aab58fc1c3fdf66287c61e5545e258599f38d6e1,1746213234000,2025-05-02T19:13:54Z,1746299634001,2025-05-03T19:13:54Z
684,10079308,10093707,0x45ccb491ecaab0128b7bd18d2cab8dc86bb09af47a3f378341ad3b1071670692,1746299634001,2025-05-03T19:13:54Z,1746386034001,2025-05-04T19:13:54Z
685,10093708,10108106,0x0f27d7d0189ffe4169a5be047c0cde68efd7b4efa7a6059510d5197a70a9bb2b,1746386034001,2025-05-04T19:13:54Z,1746472434000,2025-05-05T19:13:54Z
686,10108107,10122506,0xf02a9c06a3672d66a4399dc632e43072cf7573ffca1a4d638f1f338af9211e25,1746472434000,2025-05-05T19:13:54Z,1746558834000,2025-05-06T19:13:54Z
687,10122507,10136902,0x54eb968025a85b1545115632a03b40539a0304f9dba2871b2cd4784e5167f912,1746558834000,2025-05-06T19:13:54Z,1746645234000,2025-05-07T19:13:54Z
688,10136903,10151300,0x4fda271d005db6f56d927c8086e2c79572f7f4383ab94440a46909d52fd33195,1746645234000,2025-05-07T19:13:54Z,1746731634000,2025-05-08T19:13:54Z
689,10151301,10165700,0x41275a54698a49876bf8d67b3d6aadbe65a04a843048ccbe148601dbd5ca701e,1746731634000,2025-05-08T19:13:54Z,1746818034000,2025-05-09T19:13:54Z
690,10165701,10180100,0x66321915c4ddcf4b9fc73dca630899dbaf78996962da93eb195769aa4468e490,1746818034000,2025-05-09T19:13:54Z,1746904434008,2025-05-10T19:13:54Z
691,10180101,10194500,0x78a22db25b0beb588d45b49778afddb1c46fbba065d5888dde9fc59f9172a235,1746904434008,2025-05-10T19:13:54Z,1746990834001,2025-05-11T19:13:54Z
692,10194501,10208899,0xb4b70ec2f27cc4f9b5b189bd05d3fdb02021183d87af3c247f6d25f5e2e0314b,1746990834001,2025-05-11T19:13:54Z,1747077234000,2025-05-12T19:13:54Z
693,10208900,10223299,0x9aefef8d1e423a5263c34afa07cb8cac0d595616009ff502af50dfc8ee729cfb,1747077234000,2025-05-12T19:13:54Z,1747163634000,2025-05-13T19:13:54Z
694,10223300,10237696,0x32a6ffc101466a18ad5412a8fe25d657f5f232d2593d2c332e8eaca58aa0b7df,1747163634000,2025-05-13T19:13:54Z,1747250034003,2025-05-14T19:13:54Z
695,10237697,10252096,0xbe77c4a56063075add867189d2f8b1ac8fe23032b40d1bd02e0d730b85206cd6,1747250034003,2025-05-14T19:13:54Z,1747336434001,2025-05-15T19:13:54Z
696,10252097,10266496,0x86fffecf75d49f0908595fa8ee39ccd0476b9bbc89c5c33ce5c5a08d46db1dff,1747336434001,2025-05-15T19:13:54Z,1747422834000,2025-05-16T19:13:54Z
697,10266497,10280896,0x171bb3e2a87d7f262d4e66d052dacb0a7ad1f27136df314db4c1f5141405de0b,1747422834000,2025-05-16T19:13:54Z,1747509234001,2025-05-17T19:13:54Z
698,10280897,10295295,0xfb6730f0078ce9b19858bf57008b8d49b20bdda99fcaf87fa609e89f68a78154,1747509234001,2025-05-17T19:13:54Z,1747595634000,2025-05-18T19:13:54Z
699,10295296,10309695,0x599d1ea457947def59bc83e153d66306356610112e11c097c3e91e1a5d60c5ed,1747595634000,2025-05-18T19:13:54Z,1747682034000,2025-05-19T19:13:54Z
700,10309696,10324095,0xf5f27fce64b8e540ed1dc41eb58c25c549bd4b894f50a8c77192d3ac701fd870,1747682034000,2025-05-19T19:13:54Z,1747768434000,2025-05-20T19:13:54Z
701,10324096,10338490,0x90954cdb633034b875176b445b596d45483bc99cbb64c5ae126aa7114e0536bd,1747768434000,2025-05-20T19:13:54Z,1747854834001,2025-05-21T19:13:54Z
702,10338491,10352889,0xf9cf87f12fcb54b4658fcf7efc585babe114712f0ad53465ee079e98645121cb,1747854834001,2025-05-21T19:13:54Z,1747941234000,2025-05-22T19:13:54Z
703,10352890,10367281,0x266e8f0ec52d4adaf1b4769035a9962eb2585edd3b07a8790770fb570a214ea7,1747941234000,2025-05-22T19:13:54Z,1748027634000,2025-05-23T19:13:54Z
704,10367282,10381681,0x40987695927074364c248870791e0e9189e2f0638d5f2e651a8b32a16b6fca9a,1748027634000,2025-05-23T19:13:54Z,1748114034000,2025-05-24T19:13:54Z
705,10381682,10396081,0xb02f399ad752cd44d6f030ff4ac89121f37fed1825ae799a925a0e7f325121f7,1748114034000,2025-05-24T19:13:54Z,1748200434000,2025-05-25T19:13:54Z
706,10396082,10410481,0x3d4ee3e3953a892edd581189c4a9be1be7831b2a91b93980942abbd70a37f375,1748200434000,2025-05-25T19:13:54Z,1748286834000,2025-05-26T19:13:54Z
707,10410482,10424881,0x2929f5629abba2721340130400dd03625e5fc009d93e12d8bae52b11e1e79d3c,1748286834000,2025-05-26T19:13:54Z,1748373234000,2025-05-27T19:13:54Z
708,10424882,10439280,0x928da84c17fab86e79b54187b451d6f97f4d3812bc7e13619d86595743a83e62,1748373234000,2025-05-27T19:13:54Z,1748459634001,2025-05-28T19:13:54Z
709,10439281,10453680,0x810c04a55348a4d0f89e5336a81f7b9a15bca4282a2856d8e895d193017ed6b6,1748459634001,2025-05-28T19:13:54Z,1748546034000,2025-05-29T19:13:54Z
710,10453681,10468075,0xf4bc851bca33922b4a0427790133f539854a023d1ff8502d2bde5390e55d1396,1748546034000,2025-05-29T19:13:54Z,1748632434000,2025-05-30T19:13:54Z
711,10468076,10482475,0xcb0f98d386f5e05891574439ece7684fd1824b9056d0ae5adc1835f9a722a163,1748632434000,2025-05-30T19:13:54Z,1748718834000,2025-05-31T19:13:54Z
712,10482476,10496875,0x853c29a79d04c2ca61afacb8db8a57651f0323dac22b5184dba4ac8072a9cfe3,1748718834000,2025-05-31T19:13:54Z,1748805234000,2025-06-01T19:13:54Z
713,10496876,10511275,0xdcd91753b3be64013fdff8d21561f2035865737164eb5376242a38f8b045d64d,1748805234000,2025-06-01T19:13:54Z,1748891634001,2025-06-02T19:13:54Z
714,10511276,10525628,0x27156e0c87226934832e7ffa346d1f931cbd8c4e84686909cc0fbd1a07dc0263,1748891634001,2025-06-02T19:13:54Z,1748978034000,2025-06-03T19:13:54Z
715,10525629,10540028,0xb6c96960acd657195a0a2768ccd59e649122363bfc6b0c8c303a5505f130822c,1748978034000,2025-06-03T19:13:54Z,1749064434000,2025-06-04T19:13:54Z
716,10540029,10554428,0xec35ded407b2cc8db4561663a04ff13f177da42c180b00287e51f93d5ef40243,1749064434000,2025-06-04T19:13:54Z,1749150834001,2025-06-05T19:13:54Z
717,10554429,10568828,0xdb282e0f22205bfcd1d76befcf8f25c4494c7890bb1563acb192055e44176cbb,1749150834001,2025-06-05T19:13:54Z,1749237234000,2025-06-06T19:13:54Z
718,10568829,10583228,0x598156db62fb7746a3c2d3004e4a772b8e66ccb08badabea81f42753f2b1c46d,1749237234000,2025-06-06T19:13:54Z,1749323634001,2025-06-07T19:13:54Z
719,10583229,10597628,0xc0f33c9ed501b41c710b7f384a71608a21cd98f3b2f1d20bc6fcdd8a9cf2559e,1749323634001,2025-06-07T19:13:54Z,1749410034000,2025-06-08T19:13:54Z
720,10597629,10612028,0x78c451174b0fd2e02642a63714952ab738af392f71237ea87e7cdcbf0fb1b392,1749410034000,2025-06-08T19:13:54Z,1749496434000,2025-06-09T19:13:54Z
721,10612029,10626428,0xe80df527d07b56f986913214696212989b422a4c2cb083cbf0e9cd5d99c08b49,1749496434000,2025-06-09T19:13:54Z,1749582834000,2025-06-10T19:13:54Z
722,10626429,10640826,0x7208d86b16a608cababc25add610e027c811670858a9acd31f580c203610a4e2,1749582834000,2025-06-10T19:13:54Z,1749669234000,2025-06-11T19:13:54Z
723,10640827,10655225,0x341179e59785404b59b1d6dde3a8f50d9b60f3a7380e71227fa7b63312d77760,1749669234000,2025-06-11T19:13:54Z,1749755634000,2025-06-12T19:13:54Z
724,10655226,10669625,0xbcd30368ddd2f098a3c1140506fff78d6a921af6bdb65581c331ad3d539738b3,1749755634000,2025-06-12T19:13:54Z,1749842034001,2025-06-13T19:13:54Z
725,10669626,10684023,0x080b7200134eb5a24ce24eea3b6709cb95d76d62aedadd4e72b5500cc9492a67,1749842034001,2025-06-13T19:13:54Z,1749928434001,2025-06-14T19:13:54Z
726,10684024,10698421,0xbfe5f926293902669c41997ad310362fcb115c585dc503db8a6b05122d24a2c0,1749928434001,2025-06-14T19:13:54Z,1750014834001,2025-06-15T19:13:54Z
727,10698422,10712821,0xda70fc9afc19d55af49e17d8780244018ff314d4500dc027477607a7db67a76c,1750014834001,2025-06-15T19:13:54Z,1750101234000,2025-06-16T19:13:54Z
728,10712822,10727221,0x774e902d930d463200d3c95a182aadfc13388d9f759a0b46e453bf515d6ea853,1750101234000,2025-06-16T19:13:54Z,1750187634000,2025-06-17T19:13:54Z
729,10727222,10741621,0x89ab7e0e411755cde30672335c3327b8145bd0ba68df54535adf79556e77565b,1750187634000,2025-06-17T19:13:54Z,1750274034000,2025-06-18T19:13:54Z
730,10741622,10756021,0x330c7cbd70a52a4a8b62a23ab03a5c03061ea6985575fdb553a86e0afcf35d83,1750274034000,2025-06-18T19:13:54Z,1750360434000,2025-06-19T19:13:54Z
731,10756022,10770419,0x0ed29b7ca93786ee5cb30baeb5ff9e9c092ccf69f8f30621e33cde083017b905,1750360434000,2025-06-19T19:13:54Z,1750446834000,2025-06-20T19:13:54Z
732,10770420,10784819,0x19d709f948ad9dd87affb5524a8948e563e1810fb14ba51ef2030fdbc6b155af,1750446834000,2025-06-20T19:13:54Z,1750533234000,2025-06-21T19:13:54Z
733,10784820,10799219,0x8f9b27d312646ca41ff07006939b8a2dcb10bdb52c2ad0114ac184c0af30f018,1750533234000,2025-06-21T19:13:54Z,1750619634001,2025-06-22T19:13:54Z
734,10799220,10813619,0xe38838a56a04845fe056a8bd76d75ddd306034766781e0e414d194157b934ede,1750619634001,2025-06-22T19:13:54Z,1750706034000,2025-06-23T19:13:54Z
735,10813620,10828019,0x90d8cf1c34c4f346e4e6a7bda7b94e72519a2fb2b2710f44cb2d261f5c72d57d,1750706034000,2025-06-23T19:13:54Z,1750792434000,2025-06-24T19:13:54Z
736,10828020,10842419,0x1f682d17a8b98af7798c28a77e96314f107d4bef4db9d91b9038604f548b201e,1750792434000,2025-06-24T19:13:54Z,1750878834000,2025-06-25T19:13:54Z
737,10842420,10856819,0x0ef30c9b9a2f6eebf3b3e303f26bf6661f1ace6f76293937b31eeb63c5d179c7,1750878834000,2025-06-25T19:13:54Z,1750965234000,2025-06-26T19:13:54Z
738,10856820,10871211,0xa15b26b118c9e8a4afd29e5df1a2094075021626fbde8fc5947835cd46199d25,1750965234000,2025-06-26T19:13:54Z,1751051634001,2025-06-27T19:13:54Z
739,10871212,10885610,0x66bd93f07a2343de32a444bf517a1d66f6412ef5e4a2f5980d25db3a67f64cc1,1751051634001,2025-06-27T19:13:54Z,1751138034001,2025-06-28T19:13:54Z
740,10885611,10900010,0x33c37dd293b82a1dd999dfce1d54c70c973bf6f51754f5f7e238fca750134caf,1751138034001,2025-06-28T19:13:54Z,1751224434000,2025-06-29T19:13:54Z
741,10900011,10914365,0x64df26bb2f9171d41e83aa2e6727fd5451ae30d766ce0f15eb21e57822b4e160,1751224434000,2025-06-29T19:13:54Z,1751310834000,2025-06-30T19:13:54Z
742,10914366,10928319,0xcf59859a5c93687def45a75473093ef53cd4c9ae33a5ea593b238c37b10568f0,1751310834000,2025-06-30T19:13:54Z,1751397234000,2025-07-01T19:13:54Z
743,10928320,10942266,0xff5905049cb508e604ee8522cd86039267383fd139610a722c732985fa7874d7,1751397234000,2025-07-01T19:13:54Z,1751483634001,2025-07-02T19:13:54Z
744,10942267,10956250,0x8fa2cb40f2083e48f1477526b70cb345cf6a78105165f91651fc690be267d79f,1751483634001,2025-07-02T19:13:54Z,1751570034000,2025-07-03T19:13:54Z
745,10956251,10970650,0x4d3af4f3e015cc458b6c29cdcf192945f6aa91f945261a7637e40b0e1422e2d4,1751570034000,2025-07-03T19:13:54Z,1751656434000,2025-07-04T19:13:54Z
746,10970651,10985050,0x169e163f36b72f611eb5f7fb4769174601c173243edef79f11935a26890a4b20,1751656434000,2025-07-04T19:13:54Z,1751742834000,2025-07-05T19:13:54Z
747,10985051,10999450,0x9fc6f60914ee5e8d4e3059eb5369f10cdacd66cb4710a34a9d396a075c7b445a,1751742834000,2025-07-05T19:13:54Z,1751829234000,2025-07-06T19:13:54Z
748,10999451,11027720,0xabca17cca8d408d908f90bd70d8d03bc05d86769a4a646a91d4b80b8f1802c4c,1751829234000,2025-07-06T19:13:54Z,1751998854000,2025-07-08T18:20:54Z
749,11027721,11028250,0xaf4de6833beb83947befc1396c51928905d68edd5a7cd8cf6f76f9f23212f385,1751998854000,2025-07-08T18:20:54Z,1752002034001,2025-07-08T19:13:54Z
750,11028251,11042650,0xa5247a19e42a8c06795af51f087127cf0bb386e047386b7dd9c3689fea02eb0c,1752002034001,2025-07-08T19:13:54Z,1752088434000,2025-07-09T19:13:54Z
751,11042651,11057050,0x2f94e978ba71d4a7c42abec400fddbe36da5b34e45a27f7ddec450c130cb9aaf,1752088434000,2025-07-09T19:13:54Z,1752174834001,2025-07-10T19:13:54Z
752,11057051,11071449,0xf632be2028cf4c9260be5a58dd1f59feb85b0e106eb3fb736a2f890a4afda94e,1752174834001,2025-07-10T19:13:54Z,1752261234000,2025-07-11T19:13:54Z
753,11071450,11085849,0x32040cc99a1361042d09b9fe33528deb2517fff4a64c49a448127e6930527eb0,1752261234000,2025-07-11T19:13:54Z,1752347634000,2025-07-12T19:13:54Z
754,11085850,11100249,0xc216ac8e3d5f3811e32ef06117eeb5e0c564230051717bee4663f45aee694524,1752347634000,2025-07-12T19:13:54Z,1752434034000,2025-07-13T19:13:54Z
755,11100250,11114649,0xb91afbcd380d9582e28c6d501dd34466a344204c2af6a10a75c5b383a96915e8,1752434034000,2025-07-13T19:13:54Z,1752520434000,2025-07-14T19:13:54Z
756,11114650,11129048,0x71d35092bb3e0c7dab85b7c8b399d6fa13438e9949f0234a9fd6858a488b2819,1752520434000,2025-07-14T19:13:54Z,1752606834000,2025-07-15T19:13:54Z
757,11129049,11143447,0xb34f25782e20064bc4483901209b838e4fed5aa45ccac6b9345cdf37e5b49c3e,1752606834000,2025-07-15T19:13:54Z,1752693234000,2025-07-16T19:13:54Z
758,11143448,11157847,0xd093d733c7220c6cb6eae61b44d4e9495387f7f1fef4053cde219f2ea67bf1be,1752693234000,2025-07-16T19:13:54Z,1752779634000,2025-07-17T19:13:54Z
759,11157848,11172247,0x86e7659ce1debef97aaa658b188197232cc7cf9aa9e39cff2680b78ca86f013a,1752779634000,2025-07-17T19:13:54Z,1752866034000,2025-07-18T19:13:54Z
760,11172248,11186647,0x46d1f161ab3a2754171080928904592d030f11941567d6d7d2178d0f1579951c,1752866034000,2025-07-18T19:13:54Z,1752952434001,2025-07-19T19:13:54Z
761,11186648,11201047,0xe0d88bad351d48f793e1c3c377ea2cde9cda6fb890843b8bfebbe4eb5ec5b550,1752952434001,2025-07-19T19:13:54Z,1753038834002,2025-07-20T19:13:54Z
762,11201048,11215447,0x80bdc483b17604741fe7d4800fc469c812eba6566e4e37952eb2f7543950b8f2,1753038834002,2025-07-20T19:13:54Z,1753125234001,2025-07-21T19:13:54Z
763,11215448,11229847,0x2bb2c9bb52ccc394eca51dfb04a56da7b9cd293d9bbf49a9cd747d46976070c1,1753125234001,2025-07-21T19:13:54Z,1753211634000,2025-07-22T19:13:54Z
764,11229848,11244230,0x31dadd881719507e2858c766b1fad36843b1208858b0658a9aad7f3056801fb9,1753211634000,2025-07-22T19:13:54Z,1753298034000,2025-07-23T19:13:54Z
765,11244231,11258630,0xbd3e191bddc7a7bf55486a228d720669d8617e63bf21c0a16f7ddc22dcb85baf,1753298034000,2025-07-23T19:13:54Z,1753384434001,2025-07-24T19:13:54Z
766,11258631,11273019,0x961fbf05f868a0417aba7569abc949295ea019469d2517c2858e396b9034e17c,1753384434001,2025-07-24T19:13:54Z,1753470834000,2025-07-25T19:13:54Z
767,11273020,11287419,0x1b06433efd6e0cb9cd256ef3f9dc9b37aef1cb0990dc1d62e1b034bda4a2eb2d,1753470834000,2025-07-25T19:13:54Z,1753557234000,2025-07-26T19:13:54Z
768,11287420,11301819,0xecef5fe52a2caf91f3d840f813adfe8341f8ac2f333a66fc061925c85b7c360c,1753557234000,2025-07-26T19:13:54Z,1753643634000,2025-07-27T19:13:54Z
769,11301820,11316219,0x67209b14b833c236cb331e01ee96c407f199676d9a9be70488a648991d4a52b6,1753643634000,2025-07-27T19:13:54Z,1753730034000,2025-07-28T19:13:54Z
770,11316220,11330619,0x156e995e35ca4e864b5d39af750c048a844e54e02be66b197f1f1cb254d6cedf,1753730034000,2025-07-28T19:13:54Z,1753816434001,2025-07-29T19:13:54Z
771,11330620,11345019,0xa489100649f467bf007b6675df50f5f35734e18de8b09b5938f7c485667dd368,1753816434001,2025-07-29T19:13:54Z,1753902834001,2025-07-30T19:13:54Z
772,11345020,11359418,0xeb73816965e805ba8759e3595cd5da141a1bdd85c9974e975e7e98307e6b1503,1753902834001,2025-07-30T19:13:54Z,1753989234000,2025-07-31T19:13:54Z
773,11359419,11373818,0x58f66afbe1e8865c94f652ffb4c986107b4c362aad59332574b6768ff8203beb,1753989234000,2025-07-31T19:13:54Z,1754075634002,2025-08-01T19:13:54Z
774,11373819,11388217,0x69cfcb216735c58dc05868aa67fc84b1341e97e9ef4ca865405e9914f312e117,1754075634002,2025-08-01T19:13:54Z,1754162034001,2025-08-02T19:13:54Z
775,11388218,11402617,0x3a24548ff09e800e19231a70b6ebdf1da68904377c2c23d3993c05ab91ec3671,1754162034001,2025-08-02T19:13:54Z,1754248434000,2025-08-03T19:13:54Z
776,11402618,11417017,0xa00f8c68d2bf67a4891fe51b3f4bc2bf677cc256bed4234c699b862c547b87ca,1754248434000,2025-08-03T19:13:54Z,1754334834000,2025-08-04T19:13:54Z
777,11417018,11431416,0x732a0a3ba698a9d0ea05b67facf97fd2dad050ef9d6c395fa07518d7c68f06b2,1754334834000,2025-08-04T19:13:54Z,1754421234002,2025-08-05T19:13:54Z
778,11431417,11445816,0x853c13104b0fb786e94aabee38f1a69b4019cf68a2c4a571e6ce1e392fb15d18,1754421234002,2025-08-05T19:13:54Z,1754507634000,2025-08-06T19:13:54Z
779,11445817,11460214,0x16c97c76acb23e1fceb0fc8b3b0b57d45c6df2cfc8377a36146ada01fd24c097,1754507634000,2025-08-06T19:13:54Z,1754594034000,2025-08-07T19:13:54Z
780,11460215,11474613,0x9d482be093983d94e7cdf1b8247cbafd1cc32185552c66868ac351a2b7da1236,1754594034000,2025-08-07T19:13:54Z,1754680434000,2025-08-08T19:13:54Z
781,11474614,11489013,0x11446afe52b5bb71012b303fe6ce5614c1a5d7f0d458ea4c0d623011c2afbb5d,1754680434000,2025-08-08T19:13:54Z,1754766834000,2025-08-09T19:13:54Z
782,11489014,11503413,0xf55339415b5cfa530792346fa077ebb6b30e82c912eb7c5493e2e47fadae7673,1754766834000,2025-08-09T19:13:54Z,1754853234001,2025-08-10T19:13:54Z
783,11503414,11517813,0x2fc32b2e99d81b26d766c414ca457097dc216be3a5dbc68608498ceabd0771cf,1754853234001,2025-08-10T19:13:54Z,1754939634001,2025-08-11T19:13:54Z
784,11517814,11532213,0x22df194fc7f85c14ecfad120435b089b2a453744c8236be7f0d79abd72bf26b1,1754939634001,2025-08-11T19:13:54Z,1755026034000,2025-08-12T19:13:54Z
785,11532214,11546613,0x7d5216587a8abde6fc4189a0385237cc47b57b4330c2a34473fbefdea2d7c8ee,1755026034000,2025-08-12T19:13:54Z,1755112434000,2025-08-13T19:13:54Z
786,11546614,11561013,0x4c05a9a0c631826cce013707b828ae4c377f0c0a0f60aa88b0dc968aab7546bb,1755112434000,2025-08-13T19:13:54Z,1755198834000,2025-08-14T19:13:54Z
787,11561014,11575413,0x6d222c0ad00329c64dcd5f8467e90c905845c97974ecc218a390d582e159025c,1755198834000,2025-08-14T19:13:54Z,1755285234001,2025-08-15T19:13:54Z
788,11575414,11589813,0x4454fa5b3a1ffe460b23ee431a2629394c3e2a1120417405d25074ce43281b19,1755285234001,2025-08-15T19:13:54Z,1755371634002,2025-08-16T19:13:54Z
789,11589814,11604213,0x7195c06c3629a4bd589300c8c5d90df02f576887f46c77767d42f464c3fe59c6,1755371634002,2025-08-16T19:13:54Z,1755458034000,2025-08-17T19:13:54Z
790,11604214,11618613,0x5265918afcf097bdc3d5e26c39fd0307fdfd6f93ce38b8a233a59a7d717509ad,1755458034000,2025-08-17T19:13:54Z,1755544434000,2025-08-18T19:13:54Z
791,11618614,11633010,0x78cd4525be3e21da5c0f3412f46223d22fd685cb50d476c8f11b93c2b793d163,1755544434000,2025-08-18T19:13:54Z,1755630834000,2025-08-19T19:13:54Z
792,11633011,11647410,0xe137d39eb52835ac30f35e4a4fa3f966d1482a701caf629fc9518c69daa04114,1755630834000,2025-08-19T19:13:54Z,1755717234000,2025-08-20T19:13:54Z
793,11647411,11661807,0x55a18a86cea0f7692615a2df63cea1ba4f17b729f7eac9374301c184356c275f,1755717234000,2025-08-20T19:13:54Z,1755803634001,2025-08-21T19:13:54Z
794,11661808,11676200,0x58c5b0453b1349594318df7ef5bb810e7564d4e0616a83f729492173eb099395,1755803634001,2025-08-21T19:13:54Z,1755890034000,2025-08-22T19:13:54Z
795,11676201,11690594,0x87ad78c7810c7dcd7b6eeaf5f452614176d6b5e4c78216b0894c2f0d0f139dc5,1755890034000,2025-08-22T19:13:54Z,1755976434007,2025-08-23T19:13:54Z
796,11690595,11704994,0x962ad8c6eccd6e2e52dd9f62224557862320c8fec5cd0cfdfdc2b9f8bedd39f2,1755976434007,2025-08-23T19:13:54Z,1756062834001,2025-08-24T19:13:54Z
797,11704995,11719394,0x2285ff621382465e7cfbe61d1a243915d586e6455a4d428aa002633657f28ccc,1756062834001,2025-08-24T19:13:54Z,1756149234000,2025-08-25T19:13:54Z
798,11719395,11733794,0x3141ccf7f81dc2f9cba8aacfe5bae9f165b8acc9ac5353c71784a279555de827,1756149234000,2025-08-25T19:13:54Z,1756235634000,2025-08-26T19:13:54Z
799,11733795,11748192,0x64ddbe53f3d27a29482b4976132eed14e6ece63fd30039d64af9a85b67133828,1756235634000,2025-08-26T19:13:54Z,1756322034000,2025-08-27T19:13:54Z
800,11748193,11762592,0xc9d3deb4ef82d3629573b749cf6aec19aea92d6c0febb3baff057e821be6fdf7,1756322034000,2025-08-27T19:13:54Z,1756408434000,2025-08-28T19:13:54Z
801,11762593,11776990,0x55d97e1ce373033c4b53f82941f52eeae67539907ab66446a2f081b348639573,1756408434000,2025-08-28T19:13:54Z,1756494834001,2025-08-29T19:13:54Z
802,11776991,11791390,0x8187b200be66da77c327ed609eb25d918b8f53a73e3688345ee69e6dc9261430,1756494834001,2025-08-29T19:13:54Z,1756581234000,2025-08-30T19:13:54Z
803,11791391,11805790,0xf4c5c110da253b3da16cedd265e569a3ad1bb5bae2a549ca119743658222c72a,1756581234000,2025-08-30T19:13:54Z,1756667634000,2025-08-31T19:13:54Z
804,11805791,11820190,0x659e816c12d36912979dbf35b28c1dd914a4439186f74e2790920de9cd1c2473,1756667634000,2025-08-31T19:13:54Z,1756754034000,2025-09-01T19:13:54Z
805,11820191,11834590,0x3b1341ed77fa3c5d192b764e149907c89fc404f211fd7510e80d145bbfcd186f,1756754034000,2025-09-01T19:13:54Z,1756840434000,2025-09-02T19:13:54Z
806,11834591,11848989,0xf6cc5ae90ace844246ae59397fbb51b9e0480b59ed16c69d8e25180ba06836f9,1756840434000,2025-09-02T19:13:54Z,1756926834000,2025-09-03T19:13:54Z
807,11848990,11863389,0xba91f3d23bf41d8c4bac5bb32afad4fa32c4c1cbc1039022e39cf32dc1ca575f,1756926834000,2025-09-03T19:13:54Z,1757013234000,2025-09-04T19:13:54Z
808,11863390,11877789,0x6796a5a8a8c656d7a553135a2555e6363228d22089aa048db9a5eb7b491c26e0,1757013234000,2025-09-04T19:13:54Z,1757099634001,2025-09-05T19:13:54Z
809,11877790,11892189,0xb3354b275d38a6166202c2e3460fd6132b83c62df6eb0d997fd6c0d8de492732,1757099634001,2025-09-05T19:13:54Z,1757186034000,2025-09-06T19:13:54Z
810,11892190,11906589,0x2d516325e9a9f9eaa5b95cb5a4780614a1e1eb0048636fded8cca0fd3b6c67a0,1757186034000,2025-09-06T19:13:54Z,1757272434000,2025-09-07T19:13:54Z
811,11906590,11920986,0x50a46987f0ddd001a5add50518530976ea471aad3855f0102a4adbdd7b80cbe3,1757272434000,2025-09-07T19:13:54Z,1757358834000,2025-09-08T19:13:54Z
812,11920987,11935386,0x2520a4e0d3f234cdd577051a279e2bb6fc8074b9c26ba2e8bbab226e39bee8a0,1757358834000,2025-09-08T19:13:54Z,1757445234001,2025-09-09T19:13:54Z
813,11935387,11949786,0x5d2dd400a29e1b82efb821911c4b4e0362a185f7ccdb5270238d173ad6feb31d,1757445234001,2025-09-09T19:13:54Z,1757531634000,2025-09-10T19:13:54Z
814,11949787,11964179,0xd0d25287d2c8b3c871e7de7bc146838898d1bc07ac3d7a4a39d2d307ed7031d8,1757531634000,2025-09-10T19:13:54Z,1757618034000,2025-09-11T19:13:54Z
815,11964180,11978579,0x418d714bc24a1e8513f51f73e35e1ca8f3587a456bfc7ded5268ea4c2e631c52,1757618034000,2025-09-11T19:13:54Z,1757704434000,2025-09-12T19:13:54Z
816,11978580,11992979,0x1650c3bd42df22034e57dd248ba51ec7671c0019800e707c24dbda2fb7408457,1757704434000,2025-09-12T19:13:54Z,1757790834000,2025-09-13T19:13:54Z
817,11992980,12007379,0xd0d30e2db2bb1d26d3d3a2fccc4b4998215aad8d7ca1f94d28dc7e3c1276750f,1757790834000,2025-09-13T19:13:54Z,1757877234000,2025-09-14T19:13:54Z
818,12007380,12021779,0x728bc2c61b85804c64781dcfe0d326effb2eab2f859256386c8f35fdd0f314e0,1757877234000,2025-09-14T19:13:54Z,1757963634000,2025-09-15T19:13:54Z
819,12021780,12036178,0xeff2aa77ba0b4c26a964eede068f82dbb194f48de4f1ecb499447b6200844c93,1757963634000,2025-09-15T19:13:54Z,1758050034001,2025-09-16T19:13:54Z
820,12036179,12050577,0xc0f3cfc621178dbb6618fcbb2c7ea25d92d8f0b834d3410882e2fd2956f68b2b,1758050034001,2025-09-16T19:13:54Z,1758136434000,2025-09-17T19:13:54Z
821,12050578,12064977,0x236ce3eddfd81c97c8ad4a502d5c00c6e55788c618b7aa63fa74d782767f2905,1758136434000,2025-09-17T19:13:54Z,1758222834000,2025-09-18T19:13:54Z
822,12064978,12079376,0xe539499022e5f7ac2a61d8d0a600d4ddb54e5543c76317589fba7ae6dbe11fe7,1758222834000,2025-09-18T19:13:54Z,1758309234000,2025-09-19T19:13:54Z
823,12079377,12093776,0xf444093040bb6baf0d72d41bf278a236406d2b1cd44540ad2ae3589c8f402894,1758309234000,2025-09-19T19:13:54Z,1758395634001,2025-09-20T19:13:54Z
824,12093777,12108176,0x2dd6a4752ef02008386fa8e122d2a1d7c2759ecab8f4761c0f1129273e10b03f,1758395634001,2025-09-20T19:13:54Z,1758482034000,2025-09-21T19:13:54Z
825,12108177,12122576,0xc19e173f12519655f380eb0b9098ae723b58c8591e1feff948f7288e22b8e70f,1758482034000,2025-09-21T19:13:54Z,1758568434000,2025-09-22T19:13:54Z
826,12122577,12136976,0xfc23657d066452ff2ebbdb5b6d1d0c5fa7d9d3e94bc9dd7b99e726604ec9b9d6,1758568434000,2025-09-22T19:13:54Z,1758654834001,2025-09-23T19:13:54Z
827,12136977,12151364,0x0fab7744d3e30ef131b5eef5c0a42e69aaa6abd1222d601b392e26bbeba8bb79,1758654834001,2025-09-23T19:13:54Z,1758741234001,2025-09-24T19:13:54Z
828,12151365,12165761,0x2e0c4b2ea7a3be60c998e6e1c687d4217c5182e5c66c35b145bbabcc2685abfe,1758741234001,2025-09-24T19:13:54Z,1758827634000,2025-09-25T19:13:54Z
829,12165762,12180161,0x77f01b77a788c9864c151147ac27268bcb9d52f1a9779361981fe08c8a19f71a,1758827634000,2025-09-25T19:13:54Z,1758914034000,2025-09-26T19:13:54Z
830,12180162,12194558,0x3ddaf509a07e7150cac1422441cff9cc9ba651ba2948683895a6e5bc3bdb87f5,1758914034000,2025-09-26T19:13:54Z,1759000434001,2025-09-27T19:13:54Z
831,12194559,12208958,0x74896986cc401da55f5de1b126180e23107c746ecb6b627213e9cdabf849669c,1759000434001,2025-09-27T19:13:54Z,1759086834000,2025-09-28T19:13:54Z
832,12208959,12223358,0x70865f0c7357ab53f21a1f2652d895980f2731bfe6fe7b1fec76dcbf2f216c26,1759086834000,2025-09-28T19:13:54Z,1759173234000,2025-09-29T19:13:54Z
833,12223359,12237758,0x29616e65dadc41bce59d5273d324edeafba384067729560306e8ea255fbe21d5,1759173234000,2025-09-29T19:13:54Z,1759259634001,2025-09-30T19:13:54Z
834,12237759,12252158,0xbdf981202bc0d3a0285da28f9228246d5f938d1e101807fcab485f77b24bde34,1759259634001,2025-09-30T19:13:54Z,1759346034001,2025-10-01T19:13:54Z
835,12252159,12266551,0x9ea4f62a8cd5a6fe15611cd8645832756b4c6c79232630596aecce7c91160cf7,1759346034001,2025-10-01T19:13:54Z,1759432434000,2025-10-02T19:13:54Z
836,12266552,12280950,0x4b063fa2da6a48cbc9ace7849edb2d075b64577e4bb03b10c253420b7686cd93,1759432434000,2025-10-02T19:13:54Z,1759518834000,2025-10-03T19:13:54Z
837,12280951,12295350,0x7d9fd12176dc961797b773ae462c561ade80c59af4eefa9fc98f4607fe008fd2,1759518834000,2025-10-03T19:13:54Z,1759605234001,2025-10-04T19:13:54Z
838,12295351,12309750,0x0c19e71b56c54a73a867e26834077c87345c842d929d34fe020de39d9915ea5e,1759605234001,2025-10-04T19:13:54Z,1759691634000,2025-10-05T19:13:54Z
839,12309751,12324150,0x33639d0d1713da7f5cef8c254edf1879809194e5ed5d2e7f54f1bc5fc648f275,1759691634000,2025-10-05T19:13:54Z,1759778034001,2025-10-06T19:13:54Z
840,12324151,12338550,0x23dc7e0addb2ca132169066036c3d01cecd7c1c7e2eb6c8c81501d23cb3d4d28,1759778034001,2025-10-06T19:13:54Z,1759864434000,2025-10-07T19:13:54Z
841,12338551,12352947,0x150d87df1c3acb5e3641f16b11448c9433a523c48702622f79f343670bc42855,1759864434000,2025-10-07T19:13:54Z,1759950834000,2025-10-08T19:13:54Z
842,12352948,12367347,0xdaea8db225b32287eddea2cedf1b73826dae205656ca9bc406eaa6d6e673fc99,1759950834000,2025-10-08T19:13:54Z,1760037234000,2025-10-09T19:13:54Z
843,12367348,12381747,0xb630bce5ff5d7b6613def3518228fa9bdf9e99cff696ade5d70de2985f12a711,1760037234000,2025-10-09T19:13:54Z,1760123634000,2025-10-10T19:13:54Z
844,12381748,12396147,0x65116fcfec70afec0a722cacd949877d91bdf5c93d44851ce297dbe27982c6f8,1760123634000,2025-10-10T19:13:54Z,1760210034000,2025-10-11T19:13:54Z
845,12396148,12410547,0x8b68ba6aebc026669d36a09d4cc9a8d1d716de3f06a75bdd58934574391bb7d8,1760210034000,2025-10-11T19:13:54Z,1760296434000,2025-10-12T19:13:54Z
846,12410548,12424947,0xdf0a79dd190b8e0b8a09f95c05b438357dce1f26fa3a7092d1001e7131239536,1760296434000,2025-10-12T19:13:54Z,1760382834001,2025-10-13T19:13:54Z
847,12424948,12439347,0x5298919f5a83893c756fdd990a0d33f6446b098907bbb0332397a072fd7cfb6e,1760382834001,2025-10-13T19:13:54Z,1760469234001,2025-10-14T19:13:54Z
848,12439348,12453747,0xc78c5be3e4810f8837b09d6a803360b0c218abb64a5de57445ad8b170b50f367,1760469234001,2025-10-14T19:13:54Z,1760555634001,2025-10-15T19:13:54Z
849,12453748,12468147,0x334123b86bd3827bbaa06903866c80d85a13d845c8b061cc1ff7e63eaddefc2f,1760555634001,2025-10-15T19:13:54Z,1760642034001,2025-10-16T19:13:54Z
850,12468148,12482546,0x0577decccfaae84674ff3d46593e8ee01c4851a39efa1d5679bbcda287711d6f,1760642034001,2025-10-16T19:13:54Z,1760728434000,2025-10-17T19:13:54Z
851,12482547,12496946,0x6eb31a3b4dce4edcabed0bb2bea5aff58a4a556c145b8d72202e24dd298d612f,1760728434000,2025-10-17T19:13:54Z,1760814834000,2025-10-18T19:13:54Z
852,12496947,12511346,0x7eb8932bd8b447ffeb3967a184303a6a617a32934b9e9be8f0d68d390a31b13d,1760814834000,2025-10-18T19:13:54Z,1760901234000,2025-10-19T19:13:54Z
853,12511347,12525746,0x14cd0a71702a9989ee3ce9b97b647a29295c95e09210f7a55f05cc8274a55564,1760901234000,2025-10-19T19:13:54Z,1760987634000,2025-10-20T19:13:54Z
854,12525747,12540142,0x6f8b38bbdc7cdcef061eba33ce15fade69d29d0f7d40a61ee381cfef8c758e6c,1760987634000,2025-10-20T19:13:54Z,1761074034000,2025-10-21T19:13:54Z
855,12540143,12554528,0x94c50a94efae8ca0730ecb858e6aaa1519e10a8f86b57a78f8be531fdcf24233,1761074034000,2025-10-21T19:13:54Z,1761160434008,2025-10-22T19:13:54Z
856,12554529,12568928,0xad1af67276441abf6a2c05fb2432a1cf0b4c1a5d43f4076b95a022eb2e9cabb7,1761160434008,2025-10-22T19:13:54Z,1761246834000,2025-10-23T19:13:54Z
857,12568929,12583328,0x0aeb191b3e32b23165a1ccf262658a0bfae8e139e8d5af79611943879b878e10,1761246834000,2025-10-23T19:13:54Z,1761333234000,2025-10-24T19:13:54Z
858,12583329,12597728,0xd72cbdf5578625cc45c63d77ba3aa7d03d374deba0508992785b80e77967ef3c,1761333234000,2025-10-24T19:13:54Z,1761419634000,2025-10-25T19:13:54Z
859,12597729,12612127,0xf699090ad9585c0f4209d84314dba9641a836b1ba7587d6575778bce75bcd7dc,1761419634000,2025-10-25T19:13:54Z,1761506034000,2025-10-26T19:13:54Z
860,12612128,12626526,0x05692777c5e54f7261377a2122fe65bc7a4d496d94eb5e22a78f6f4b6f95ea49,1761506034000,2025-10-26T19:13:54Z,1761592434000,2025-10-27T19:13:54Z
861,12626527,12640926,0x35e9e11d328616aa794b87980310ab3408cd80e3cd1da1f8737f0ad5df142d3e,1761592434000,2025-10-27T19:13:54Z,1761678834000,2025-10-28T19:13:54Z
862,12640927,12655167,0x98cca0aeac37d2a0a334ebbff16692da2eed2e2c9328459962a7948d9e3f39b3,1761678834000,2025-10-28T19:13:54Z,1761765234001,2025-10-29T19:13:54Z
863,12655168,12669101,0x59d1521f6206ef93b24ff4d0bdd28176010f413c67f08516e7b1dc455e729794,1761765234001,2025-10-29T19:13:54Z,1761851634000,2025-10-30T19:13:54Z
864,12669102,12683499,0x5d597fd526448cc2edb0f8d8b04cd31766613cf27a5623339d3df35294305848,1761851634000,2025-10-30T19:13:54Z,1761938034000,2025-10-31T19:13:54Z
865,12683500,12697899,0x27a27fd413fe22925a32e9a9b31b95471a0864e5c7304b2b30e8aa02dd056dfd,1761938034000,2025-10-31T19:13:54Z,1762024434000,2025-11-01T19:13:54Z
866,12697900,12712299,0x5f1cf7e97347ce1f475513239d320906c24080d5584d382f4f3f2ab5a1023d78,1762024434000,2025-11-01T19:13:54Z,1762110834000,2025-11-02T19:13:54Z
867,12712300,12726699,0x8178734c204a9dae5cc7c2cf1c5cccc3a74571e923e65f081a0292c6f1bb331f,1762110834000,2025-11-02T19:13:54Z,1762197234000,2025-11-03T19:13:54Z
868,12726700,12741098,0x12c354851c6ea7ee206e8b135aee6bd48368ee1e676cfb24a8d8320d98f89b7c,1762197234000,2025-11-03T19:13:54Z,1762283634000,2025-11-04T19:13:54Z
869,12741099,12755498,0x95779dba8b7ccfbf4bc703c90f9f2c88c1bb745a85f5791649b39d96d49e319e,1762283634000,2025-11-04T19:13:54Z,1762370034001,2025-11-05T19:13:54Z
870,12755499,12769896,0xe6135366e8113325f385b0c851a465b7e48a474b585356e8e14ac7c279cb9918,1762370034001,2025-11-05T19:13:54Z,1762456434001,2025-11-06T19:13:54Z
871,12769897,12784296,0xbcaf0fe3f96e7b5bc470590e03a426a15151522d5343f454d25ca7c179b107f3,1762456434001,2025-11-06T19:13:54Z,1762542834001,2025-11-07T19:13:54Z
872,12784297,12798694,0x8eb814b44284d6a31868a36758d5369337ab0b89592364b3275eb27636107a47,1762542834001,2025-11-07T19:13:54Z,1762629234000,2025-11-08T19:13:54Z
873,12798695,12813094,0x84df07ceb3cf00b8567a3346a4a7d42d46a0a2e31b114dd95dd9f5e8410eb2cc,1762629234000,2025-11-08T19:13:54Z,1762715634000,2025-11-09T19:13:54Z
874,12813095,12827494,0x43c76744d00a7d0acaa9e19b7c1c74c30af69957ef9b4338c91866184362fe12,1762715634000,2025-11-09T19:13:54Z,1762802034001,2025-11-10T19:13:54Z
875,12827495,12841893,0xec51cc7a2e81f14fd9ba6b90e835341e64948f801a8cb8295a0f0cca3ad74665,1762802034001,2025-11-10T19:13:54Z,1762888434000,2025-11-11T19:13:54Z
876,12841894,12856293,0x3e495f4c0e31504a05033b991c6cc345c20d90be0eb14314d54d6027754a961d,1762888434000,2025-11-11T19:13:54Z,1762974834000,2025-11-12T19:13:54Z
877,12856294,12870690,0xabefbba62ac3ab4803f90ad1801cb1f07b8d02891f8a09053cc1ccdae86d34a7,1762974834000,2025-11-12T19:13:54Z,1763061234000,2025-11-13T19:13:54Z
878,12870691,12885090,0xfbd58c0b8c55409ac0e4a279e1daea03f99aa0e21f70efaf8fcb8d05d7343d7a,1763061234000,2025-11-13T19:13:54Z,1763147634001,2025-11-14T19:13:54Z
879,12885091,12899490,0x3139420ca76e61f428b817d680ea91134061007a0175616b3a1c419af6dd23af,1763147634001,2025-11-14T19:13:54Z,1763234034000,2025-11-15T19:13:54Z
880,12899491,12913888,0x9b5e14ea24ea6653dd57d27503663506fc69797dc0320579e1fc485483e81d2e,1763234034000,2025-11-15T19:13:54Z,1763320434000,2025-11-16T19:13:54Z
881,12913889,12928284,0x6e213b7feb8807fb29a77ef700e8b0be4602798be9742f215e38f06860f7a1bf,1763320434000,2025-11-16T19:13:54Z,1763406834000,2025-11-17T19:13:54Z
882,12928285,12942678,0xf229e2eedb1c27ef4ee983938fbdf7c12a4e633da27e08f6f679f0c82579a9c6,1763406834000,2025-11-17T19:13:54Z,1763493234001,2025-11-18T19:13:54Z
883,12942679,12957078,0x01e9a671699e950066445f3f291ddefe455fc054682239771df9556facd465ff,1763493234001,2025-11-18T19:13:54Z,1763579634001,2025-11-19T19:13:54Z
884,12957079,12971478,0x7512476fad8987b4230534a76af22f5059eb47554315eb89f0444d3045534910,1763579634001,2025-11-19T19:13:54Z,1763666034000,2025-11-20T19:13:54Z
885,12971479,12985877,0x22aa9dfc09e0b59156f5ce1226ded8425c6e8ca5c4a290d8365399c742e9aa15,1763666034000,2025-11-20T19:13:54Z,1763752434001,2025-11-21T19:13:54Z
886,12985878,13000277,0xcf686de444b892c6e0c2ca4429c83615caf5d5df5e3ab5b87455846221d2850a,1763752434001,2025-11-21T19:13:54Z,1763838834000,2025-11-22T19:13:54Z
887,13000278,13014677,0x5c91cce26d4a692ba11a399a7bbab8bf04261b465bd2bfa18ff8f6d1de3ff7e1,1763838834000,2025-11-22T19:13:54Z,1763925234000,2025-11-23T19:13:54Z
888,13014678,13029077,0xbd0b412b4b323859f9d35021607ec66471b60d8e7f8f99c7ff72bdf334c85607,1763925234000,2025-11-23T19:13:54Z,1764011634000,2025-11-24T19:13:54Z
889,13029078,13043476,0x281c296c1a54baf36ba39a2f340073b79a950402a7c9a5113c478af6d5be394e,1764011634000,2025-11-24T19:13:54Z,1764098034000,2025-11-25T19:13:54Z
890,13043477,13057876,0x9362fcb12fb6727de8c6db5e2958b68979eecaf8bb7c1fac9d120993fad8a9e7,1764098034000,2025-11-25T19:13:54Z,1764184434000,2025-11-26T19:13:54Z
891,13057877,13072276,0x2b8a7d1fd5f05f1fbc5d5dfe6c6d2c88d72b161b7b282ecbf817a587253c20c6,1764184434000,2025-11-26T19:13:54Z,1764270834000,2025-11-27T19:13:54Z
892,13072277,13086676,0x23158eadac5e63c3bc2592aa503cea1860ea7fc9f54c9efacdc8e1345b9f718c,1764270834000,2025-11-27T19:13:54Z,1764357234000,2025-11-28T19:13:54Z
893,13086677,13101076,0xa77b2c8e85e2ed44175dbd40475b9af821ebf097d538a0b0b3225816da1d1d98,1764357234000,2025-11-28T19:13:54Z,1764443634000,2025-11-29T19:13:54Z
894,13101077,13115476,0xd7b865ae730619a83c572292c73fbece107655e6c94507a839b86565d7693d96,1764443634000,2025-11-29T19:13:54Z,1764530034000,2025-11-30T19:13:54Z
895,13115477,13129876,0xa96b54887bf34c6ec8ddd317bee3a9a24b32ac77a638eb516c1bb1301495d3e0,1764530034000,2025-11-30T19:13:54Z,1764616434000,2025-12-01T19:13:54Z
896,13129877,13144271,0x56e5bb822c0ff81cdbf0c2eeadf9a6be70f2221aeeed0d32922833f5b711e6c2,1764616434000,2025-12-01T19:13:54Z,1764702834000,2025-12-02T19:13:54Z
897,13144272,13158668,0x7db5100ca7f87643682ff35d71cbd4e0211f529a362af6a467dfc7948a5a3882,1764702834000,2025-12-02T19:13:54Z,1764789234000,2025-12-03T19:13:54Z
898,13158669,13173068,0x399e3b78b6f76198a20dc2462a95274e8ad9bd0835cca7414cc99de646ce3b5e,1764789234000,2025-12-03T19:13:54Z,1764875634001,2025-12-04T19:13:54Z
899,13173069,13187465,0xe0327ef32ef43cfa176a7c5c6a8e287d477eb0a549ce29ecd5f5741944bb78c2,1764875634001,2025-12-04T19:13:54Z,1764962034000,2025-12-05T19:13:54Z
900,13187466,13201865,0xd57701b2ea0130003f9220f331dcc749aabfd9600c50662a06766b70774dbb54,1764962034000,2025-12-05T19:13:54Z,1765048434001,2025-12-06T19:13:54Z
901,13201866,13216265,0xfef3e0c3c5580e0ee591d3933e708a0f11141494b8149448abf743a014d51f5e,1765048434001,2025-12-06T19:13:54Z,1765134834000,2025-12-07T19:13:54Z
902,13216266,13230665,0x9ce78de7d848d63c14bc5397154c13fff61f01c4ade6016022ad45610d0217c7,1765134834000,2025-12-07T19:13:54Z,1765221234000,2025-12-08T19:13:54Z
903,13230666,13244636,0xcf8b1893c5994e8119fae4c832a6029042dc4f45a969200d3d5d55481ad5244f,1765221234000,2025-12-08T19:13:54Z,1765307634000,2025-12-09T19:13:54Z
904,13244637,13258762,0xdd87cb3b2f24da863218c00f9eaabc71a5720f2e849fdf96823a63a044e2f672,1765307634000,2025-12-09T19:13:54Z,1765394034000,2025-12-10T19:13:54Z
905,13258763,13273160,0xdcdea7fd8dbe35fbd5cc85694990e5996c36914716eb64f70260af907ac88e71,1765394034000,2025-12-10T19:13:54Z,1765480434000,2025-12-11T19:13:54Z
906,13273161,13287560,0xea3454d04f31d5dfd1542c28022c112d4ebe2464229d90e6fc24255f1ddb7c77,1765480434000,2025-12-11T19:13:54Z,1765566834000,2025-12-12T19:13:54Z
907,13287561,13301958,0x82955866e3eaa4ec6afe3bbfcd7caad3138b0bafb7a6e3404e25501d84ab6102,1765566834000,2025-12-12T19:13:54Z,1765653234000,2025-12-13T19:13:54Z
908,13301959,13316358,0xf2caf94853814b99358f13cb3bafcf8e0e4ebbfb5fc26f6f254e98bd9a7637dc,1765653234000,2025-12-13T19:13:54Z,1765739634000,2025-12-14T19:13:54Z
909,13316359,13330758,0x6dfac1d372750149b5109309d901895e48259d3de9a3274458236d59e81b28b2,1765739634000,2025-12-14T19:13:54Z,1765826034000,2025-12-15T19:13:54Z
910,13330759,13345157,0x0314fe41d64d293b4ea3166e2cf606fb5b5264ffc48f97c491a4fd9c16644a84,1765826034000,2025-12-15T19:13:54Z,1765912434000,2025-12-16T19:13:54Z
911,13345158,13359557,0x83e5ea7a79e9dec432dd28e19f395f92ca186dd8bbc95f6c2e1e736bf3389490,1765912434000,2025-12-16T19:13:54Z,1765998834000,2025-12-17T19:13:54Z
912,13359558,13373927,0xb8c58ba59662b49e82b5889e36bd3921c83ddf410692b0799c5411a2818d470c,1765998834000,2025-12-17T19:13:54Z,1766085234000,2025-12-18T19:13:54Z
913,13373928,13388327,0x81972e81f3c581105a769b2a08701c205b289552311614f46ef88a60e2dddaa9,1766085234000,2025-12-18T19:13:54Z,1766171634000,2025-12-19T19:13:54Z
914,13388328,13402726,0xa8276a64b265697159abcf7014bb2a349367b16d0dbc80bb1c0133ddf26e3d84,1766171634000,2025-12-19T19:13:54Z,1766258034000,2025-12-20T19:13:54Z
915,13402727,13417126,0x1b421e8f479cdf2467880b351ffb5d3bff0e8d24c6aec5c8350398cd817166b2,1766258034000,2025-12-20T19:13:54Z,1766344434001,2025-12-21T19:13:54Z
916,13417127,13431526,0x844f5c1c2f753cbb88b03f11e78f82b154e4bad11f3e423813fa41e54869af92,1766344434001,2025-12-21T19:13:54Z,1766430834000,2025-12-22T19:13:54Z
917,13431527,13445926,0x846d69e4924316d05664819cc761da77641a2f92394e26515a670d7df26bb30e,1766430834000,2025-12-22T19:13:54Z,1766517234000,2025-12-23T19:13:54Z
918,13445927,13460325,0x50dad456cf74b074f8ddc29525a07c49ae06651956184d5aa08ada7e92880fb7,1766517234000,2025-12-23T19:13:54Z,1766603634001,2025-12-24T19:13:54Z
919,13460326,13474721,0x6b0ffc72e591eaba1848a51d4632695b25085c4e5f0b1a7308287db2d2912764,1766603634001,2025-12-24T19:13:54Z,1766690034001,2025-12-25T19:13:54Z
920,13474722,13489121,0xd8e0b8b9e3297090787ebc358fbb435fe6b8139d381f89670c8e5827103d9cc3,1766690034001,2025-12-25T19:13:54Z,1766776434001,2025-12-26T19:13:54Z
921,13489122,13503502,0x3687f9316e35611f86d4818adbe11447470792507c31f75bbe51a3e58ed8e21e,1766776434001,2025-12-26T19:13:54Z,1766862834001,2025-12-27T19:13:54Z
922,13503503,13517902,0x5a3d32360d7d25fa98064f9956c68c53cf32a988d097cbadb8ac94d0bd021b93,1766862834001,2025-12-27T19:13:54Z,1766949234001,2025-12-28T19:13:54Z
923,13517903,13532302,0x02540517851b29cb2fac9c3228ea0a8363969c101a6535e60559ef84fff51d5c,1766949234001,2025-12-28T19:13:54Z,1767035634000,2025-12-29T19:13:54Z
924,13532303,13546702,0xb783b6c23a9f291605a86fdfce6d8231345d01e865ffa555d018d3f91c0ea93d,1767035634000,2025-12-29T19:13:54Z,1767122034000,2025-12-30T19:13:54Z
925,13546703,13561102,0xec326b28c62bca5226a0efc09eab469305aebd26ec492232963d3de681b91940,1767122034000,2025-12-30T19:13:54Z,1767208434000,2025-12-31T19:13:54Z
926,13561103,13575502,0x18433965de16378d72896cf8948bce76c13f8600d3b01eb0201593f959a4db6b,1767208434000,2025-12-31T19:13:54Z,1767294834000,2026-01-01T19:13:54Z
927,13575503,13589902,0xeac7fb419cff7a9baadb2ee4501a1f300a7acf77b006b3716e53a1eb4dfa0554,1767294834000,2026-01-01T19:13:54Z,1767381234001,2026-01-02T19:13:54Z
928,13589903,13604302,0x0036accb70339d44875267715bef281a002c63d20bd7c508a05d50c942951343,1767381234001,2026-01-02T19:13:54Z,1767467634001,2026-01-03T19:13:54Z
929,13604303,13618702,0xca9481da0ef075d3a7bfc92f5bb7f7b8addacf4153187cff9973a20026c1a4fd,1767467634001,2026-01-03T19:13:54Z,1767554034000,2026-01-04T19:13:54Z
930,13618703,13633102,0x2770ec03265fb7e84ac850a5a6704726bac87d2a122e6e93a3a2754bdc4bbdb7,1767554034000,2026-01-04T19:13:54Z,1767640434001,2026-01-05T19:13:54Z
931,13633103,13647500,0x93b9a4f3f7eb901369ddb04014d23cceff94a3be8c6b7fe4a4c811af5253d892,1767640434001,2026-01-05T19:13:54Z,1767726834000,2026-01-06T19:13:54Z
932,13647501,13661897,0x007dc7dc299889bffbd8d2e5a788352bf31c78f094874a959805a5eb3d2a897e,1767726834000,2026-01-06T19:13:54Z,1767813234001,2026-01-07T19:13:54Z
933,13661898,13676296,0xd74feb0cce1020d973e1b238892193d445846d9dc5a249dd7ae3c5bcb5a8777f,1767813234001,2026-01-07T19:13:54Z,1767899634000,2026-01-08T19:13:54Z
934,13676297,13690696,0x66a45989ebca3e74aff8eb88fbfafb23ae645bd51de651563087358ce822646f,1767899634000,2026-01-08T19:13:54Z,1767986034001,2026-01-09T19:13:54Z
935,13690697,13705096,0x9c6653bf9ad680849ddfbf3b2115a04f10b11c695d46b48187b83cb7d4f0bcbb,1767986034001,2026-01-09T19:13:54Z,1768072434000,2026-01-10T19:13:54Z
936,13705097,13719496,0xd2dea36251d6f2d03baf418c0d5945b82f8f8fbd637b13531a9f90886973bba4,1768072434000,2026-01-10T19:13:54Z,1768158834000,2026-01-11T19:13:54Z
937,13719497,13733896,0xf8b8cba970f24bdefed0c716e0bf60facc81e3b738f224f784ebc36193ff4f20,1768158834000,2026-01-11T19:13:54Z,1768245234000,2026-01-12T19:13:54Z
938,13733897,13748296,0x2c12f50935696f7306c94c18bf2da4d0521479d19148f2b7841f67f027263347,1768245234000,2026-01-12T19:13:54Z,1768331634000,2026-01-13T19:13:54Z
939,13748297,13762695,0xfcb74e0baf023dd472c128634f281c690259f62fb18e5d33ca5a13adf9a1e51c,1768331634000,2026-01-13T19:13:54Z,1768418034000,2026-01-14T19:13:54Z
940,13762696,13777095,0x6cffbddfe95a5c997e13fb75f28c88abea028197a401bd4a1cbba49fff1d8fdd,1768418034000,2026-01-14T19:13:54Z,1768504434000,2026-01-15T19:13:54Z
941,13777096,13791495,0xac25aae704f0be0c99b60be7cce92f28271785758e5b5de1d39b3bdf6f747339,1768504434000,2026-01-15T19:13:54Z,1768590834000,2026-01-16T19:13:54Z
942,13791496,13805895,0x9c5e3ebe5b34279b4890dfcbd66bd7dfa70f63451453ca97bec3d6472ba75ce1,1768590834000,2026-01-16T19:13:54Z,1768677234000,2026-01-17T19:13:54Z
943,13805896,13820295,0xd0448aab7f086ec51b9dc13c490d75337d27300ea6df89d17db01ec65ba50959,1768677234000,2026-01-17T19:13:54Z,1768763634001,2026-01-18T19:13:54Z
944,13820296,13834695,0xb0ccf6689771943786a88b3630dddb2d1e40bac25581de638fc83b615b251b91,1768763634001,2026-01-18T19:13:54Z,1768850034000,2026-01-19T19:13:54Z
945,13834696,13849093,0xc9043982d8ba142b8c098e2472b1d23e5ddea65196213ea4891bb37d6b0a375c,1768850034000,2026-01-19T19:13:54Z,1768936434000,2026-01-20T19:13:54Z
946,13849094,13863490,0xbb97e3a035f8b434db7f74d51972cab7407c470c7da8bd23361e71884414dcbf,1768936434000,2026-01-20T19:13:54Z,1769022834000,2026-01-21T19:13:54Z
947,13863491,13877890,0x92a76937b998f9e53ba26d9718cbb7da5209adb3dfbb51861dbe39fc2d35ab47,1769022834000,2026-01-21T19:13:54Z,1769109234000,2026-01-22T19:13:54Z
948,13877891,13892290,0x63127c2970eeedb7e82543d7d28d5b3865238bafbd41634513d7e8425ab6a333,1769109234000,2026-01-22T19:13:54Z,1769195634000,2026-01-23T19:13:54Z
949,13892291,13906690,0x0fae6f65d99c719ea514ed1dc9bb005ab9e5ea135eeb04eb7ea4a1f61bbc05e8,1769195634000,2026-01-23T19:13:54Z,1769282034000,2026-01-24T19:13:54Z
950,13906691,13921090,0x46beb63795f888e2d987acc6ebca826f157a8493fa81819284c2cc0ca33e8572,1769282034000,2026-01-24T19:13:54Z,1769368434001,2026-01-25T19:13:54Z
951,13921091,13935490,0x0c0fb611b339c9da730a7172a98907bbdb355192b4a8727da37d2ee0eb07d7ae,1769368434001,2026-01-25T19:13:54Z,1769454834002,2026-01-26T19:13:54Z
952,13935491,13949886,0x5b6a44233fe4acda65f9235b373ee0a6be7e6cb70681d5ce62488903b6d8d8c3,1769454834002,2026-01-26T19:13:54Z,1769541234000,2026-01-27T19:13:54Z
953,13949887,13964286,0xd1997f3ce949b21046cb0d61d5609872da9e49359f2dad10ba990ff85c4608ae,1769541234000,2026-01-27T19:13:54Z,1769627634001,2026-01-28T19:13:54Z
954,13964287,13978683,0x94a17afd890689e1a9180a6ca5d1ac6df97243232e95a2520d7640578f70f8cc,1769627634001,2026-01-28T19:13:54Z,1769714034001,2026-01-29T19:13:54Z
955,13978684,13993083,0x0a9f9c8f00d1e059fcde86665c6977fe5b7139a906e8cb274a4b28c26430c6fd,1769714034001,2026-01-29T19:13:54Z,1769800434000,2026-01-30T19:13:54Z
956,13993084,14007480,0x80b4f57e8c78257a26e8b599a08d236899bd5665fc308355be9e67d3bea3a44c,1769800434000,2026-01-30T19:13:54Z,1769886834001,2026-01-31T19:13:54Z
957,14007481,14021879,0x2462b4618d49ef892657c127cec2bb69c4877d07a5bb467f06e405bb36d7264f,1769886834001,2026-01-31T19:13:54Z,1769973234001,2026-02-01T19:13:54Z
958,14021880,14036268,0x5b579ff868d7e900349c9ffa6016023cf385cd2b4730986a03692105965c8a32,1769973234001,2026-02-01T19:13:54Z,1770059634000,2026-02-02T19:13:54Z
959,14036269,14050668,0x96f6109a6791c027183c29959c52ceef89151d911549016631a7305c12ec4241,1770059634000,2026-02-02T19:13:54Z,1770146034000,2026-02-03T19:13:54Z
960,14050669,14065068,0x6e7e62e430b17c836b426ff8cf5f6b5dcf6741284a8bdfa965eb3e1387eca151,1770146034000,2026-02-03T19:13:54Z,1770232434001,2026-02-04T19:13:54Z
961,14065069,14079467,0xe694c32a69cf104f215ce34e006769a06ceb6f97010ef24b953f2159ac00eace,1770232434001,2026-02-04T19:13:54Z,1770318834000,2026-02-05T19:13:54Z
962,14079468,14093865,0xb8f001efa8fe5884c3a634bc68a50fe052ebfd45814ce4403f246ef87def0bc4,1770318834000,2026-02-05T19:13:54Z,1770405234000,2026-02-06T19:13:54Z
963,14093866,14108262,0x02f28c71d3668ce604fd1c8e0db14567788ff4b70b5fa76f161179ec22ef9a84,1770405234000,2026-02-06T19:13:54Z,1770491634000,2026-02-07T19:13:54Z
964,14108263,14122662,0x3ad0b6627ac184a04e5e96ff08b8907d90b4ffeebbbb7649e0a612cede44f4b0,1770491634000,2026-02-07T19:13:54Z,1770578034000,2026-02-08T19:13:54Z
965,14122663,14137060,0xf047d1cdac35f6b30c6750e5debb69fc21d8ea96c489981343f509e9e210d958,1770578034000,2026-02-08T19:13:54Z,1770664434000,2026-02-09T19:13:54Z
966,14137061,14151460,0x6059488209185bfe1796e38b5e2b3ee0b6554899e2d9a64cf8b5e67c08e57498,1770664434000,2026-02-09T19:13:54Z,1770750834001,2026-02-10T19:13:54Z
967,14151461,14165857,0xccb1efabc1dc6c0f0d7e7261ec3e40795f72001d572f3188be78dff84ec0169c,1770750834001,2026-02-10T19:13:54Z,1770837234000,2026-02-11T19:13:54Z
968,14165858,14180249,0x7a63a9db51fe1c101d8969e8472aec5de4f0d1ddb3b3bbf007a061be1d8b22b2,1770837234000,2026-02-11T19:13:54Z,1770923634000,2026-02-12T19:13:54Z
969,14180250,14194649,0x153255b34f33173eb6d670e833130ef6ffd28d0139736db9ff9c09a54527b3b4,1770923634000,2026-02-12T19:13:54Z,1771010034000,2026-02-13T19:13:54Z
970,14194650,14208814,0x8e11748aa898c7c431cb075a07026d00054cfc947ee9c11c45328b6524c32a6b,1771010034000,2026-02-13T19:13:54Z,1771096434000,2026-02-14T19:13:54Z
971,14208815,14222804,0x6f629a9ece8b7a53f7db9897d108ed1ef1e8cb536ab47acc97b725a162ff8fc6,1771096434000,2026-02-14T19:13:54Z,1771182834000,2026-02-15T19:13:54Z
972,14222805,14236767,0x1c61b792af0a4911b478ca6ace9bc3e5cec834c2d0d7db044b09307d84e2ae7a,1771182834000,2026-02-15T19:13:54Z,1771269234001,2026-02-16T19:13:54Z
973,14236768,14251108,0x5fb388c21305955429830421f7887fd81a4d9fba558a42a678234dc52827c4e1,1771269234001,2026-02-16T19:13:54Z,1771355634001,2026-02-17T19:13:54Z
974,14251109,14265504,0x63b5d7944178a5f00c9bb472f1ebf4909b6dfe032b58b7d774ef8cda259ddf73,1771355634001,2026-02-17T19:13:54Z,1771442034000,2026-02-18T19:13:54Z
975,14265505,14279903,0x23e9207063fe07e84f61d34f86766ac0ce0166a843b9f54e19d157ac4c4d65ee,1771442034000,2026-02-18T19:13:54Z,1771528434000,2026-02-19T19:13:54Z
976,14279904,14294303,0x7025d706e70889f1063ae94a5ff8ceb073fa35ed9d87895e6efba83ac1e6c290,1771528434000,2026-02-19T19:13:54Z,1771614834000,2026-02-20T19:13:54Z
977,14294304,14308702,0x1dd68c2fecbf949462b2451eba701c46996fa9590f45152b074fc038757b9cc9,1771614834000,2026-02-20T19:13:54Z,1771701234001,2026-02-21T19:13:54Z
978,14308703,14323099,0x636acaed7c9b2b32f8c2b1c3141cd6ab0d7fcd9a3d649cf82279730c23aa95aa,1771701234001,2026-02-21T19:13:54Z,1771787634001,2026-02-22T19:13:54Z
979,14323100,14337499,0x21881fd4d393ceee274a5a05d225a1723f026c30dc69750f977084c092a5dd18,1771787634001,2026-02-22T19:13:54Z,1771874034000,2026-02-23T19:13:54Z
980,14337500,14351890,0xa55d69105398838f15e45f1e2a3217e9f661df5fa22d1bfb333b7ad8b2c2754e,1771874034000,2026-02-23T19:13:54Z,1771960434000,2026-02-24T19:13:54Z
981,14351891,14365931,0x73dcf4e905877b6d4fdbcb8d42af06eeb1603737a1e6f124d01d14c661336bbf,1771960434000,2026-02-24T19:13:54Z,1772046834000,2026-02-25T19:13:54Z
982,14365932,14379990,0x9e080402ad07b7efa2383b3e819b4152df13f06804f71cef3451ac7521307e2f,1772046834000,2026-02-25T19:13:54Z,1772133234000,2026-02-26T19:13:54Z
983,14379991,14394389,0xb746c218480801bab4d465ab271500106d127862042560b1c2178d23c6cfbb54,1772133234000,2026-02-26T19:13:54Z,1772219634001,2026-02-27T19:13:54Z
984,14394390,14408785,0x46a6dd0bc0e2763558993991e26167af1218312dd2e8b4561cfacf809a4c7aac,1772219634001,2026-02-27T19:13:54Z,1772306034000,2026-02-28T19:13:54Z
985,14408786,14423185,0xfbbf52365ed6410efb12a4acc94fd3048052362b753f99885d41cc5e31dfd84a,1772306034000,2026-02-28T19:13:54Z,1772392434000,2026-03-01T19:13:54Z
986,14423186,14437585,0xc8e1ec0065ce9cbd946eaeef4449f255af0690dd511e8477935f9d177cf91237,1772392434000,2026-03-01T19:13:54Z,1772478834000,2026-03-02T19:13:54Z
987,14437586,14451979,0x34716526b4ce797ded3249f45125ab1a1d52f55d42fbe65bfb8d7fdc35474479,1772478834000,2026-03-02T19:13:54Z,1772565234000,2026-03-03T19:13:54Z
988,14451980,14466377,0x094376de24dab4cc8b097274a65686509700535c35a9611c2c77c69d086d00c4,1772565234000,2026-03-03T19:13:54Z,1772651634000,2026-03-04T19:13:54Z
989,14466378,14480777,0xac130e911350be495223f21a85ac7a0c15e92b824e0af7a99055b8e6b91edb71,1772651634000,2026-03-04T19:13:54Z,1772738034000,2026-03-05T19:13:54Z
990,14480778,14495171,0x549d56f0c3a3d1865c21b89a5a95561c91912ea7be00e9f938e56902b217c64d,1772738034000,2026-03-05T19:13:54Z,1772824434001,2026-03-06T19:13:54Z
991,14495172,14509570,0x50f702d36785d4c896d5702a81350abde9b6f55f0f880a01833b471821c69786,1772824434001,2026-03-06T19:13:54Z,1772910834001,2026-03-07T19:13:54Z
992,14509571,14523970,0xc23652e31a4f318e198414a384afa89ea87b17a4451df5ebb05012a5f75f9c10,1772910834001,2026-03-07T19:13:54Z,1772997234000,2026-03-08T19:13:54Z
993,14523971,14538370,0x72a0ad687c1fad6887c9cef836097b2a1cf01aa834ab786e958c8e1e056e97cb,1772997234000,2026-03-08T19:13:54Z,1773083634001,2026-03-09T19:13:54Z
994,14538371,14552766,0xceaa24e194c58921d7904a47e8e1f7ac19e81ff0923fd3f187077946a1c180d0,1773083634001,2026-03-09T19:13:54Z,1773170034001,2026-03-10T19:13:54Z
995,14552767,14567159,0x3936fba118580a06d842972c6d37974199734dd2106bcd9288d9da2757016924,1773170034001,2026-03-10T19:13:54Z,1773256434001,2026-03-11T19:13:54Z
996,14567160,14581552,0xb91e66ba74f9f891713a75c42569f356634ce97b975bd8a3cae8fcb2460313d8,1773256434001,2026-03-11T19:13:54Z,1773342834000,2026-03-12T19:13:54Z
997,14581553,14595952,0x9cc0f56643158bbb0fec8020ff9470eef8faf90ce5574db4d5eb58b97a23af05,1773342834000,2026-03-12T19:13:54Z,1773429234001,2026-03-13T19:13:54Z
998,14595953,14610351,0x9d3b5e2fa003de6ea0fe3da683979a09e12134d038255a125ddffb5aa2005f14,1773429234001,2026-03-13T19:13:54Z,1773515634000,2026-03-14T19:13:54Z
999,14610352,14624751,0x8440b9c03a193bd51a5025a3f384ff6991c82f5dd56d2f0eff640b500b34ba4f,1773515634000,2026-03-14T19:13:54Z,1773602034000,2026-03-15T19:13:54Z
1000,14624752,14639151,0xe92d41367ba076b99b29815ab12e03125a59f65719b57211fb8c362c292cdc9b,1773602034000,2026-03-15T19:13:54Z,1773688434000,2026-03-16T19:13:54Z
1001,14639152,14653550,0xa9fdf309a69444a1d5cd091f836452d6f9f5f78006bd08c44b41275b6b061450,1773688434000,2026-03-16T19:13:54Z,1773774834001,2026-03-17T19:13:54Z
1002,14653551,14667947,0x5f175ed45ec93941cf5434ee8b9f5ff5c83d8ecd1f7573433e0ee008dbb2d682,1773774834001,2026-03-17T19:13:54Z,1773861234000,2026-03-18T19:13:54Z
1003,14667948,14682343,0x1f505d9a745cd1cd3ef067d2afb19b4839c18690aae500dff8a59b98796a94ab,1773861234000,2026-03-18T19:13:54Z,1773947634001,2026-03-19T19:13:54Z
1004,14682344,14696742,0x7751996db1519c228ad9713fcecdd634416c6a06e8fcdacdfe53fddb73c5a63e,1773947634001,2026-03-19T19:13:54Z,1774034034000,2026-03-20T19:13:54Z
1005,14696743,14711142,0x1091a42a0449eed533feedfa2b25629f890b2b9102cf38d94d753f7e2f18cfef,1774034034000,2026-03-20T19:13:54Z,1774120434000,2026-03-21T19:13:54Z
1006,14711143,14725541,0x1fe30d06e7de822e1d47a8424ab5b81d108047ba728a4d51dde95b7f738279ac,1774120434000,2026-03-21T19:13:54Z,1774206834001,2026-03-22T19:13:54Z
1007,14725542,14739941,0xddd04f79102e60701dfc2a598bb6038b8ee4e1e094ace15a4cfb876c2422e0d5,1774206834001,2026-03-22T19:13:54Z,1774293234001,2026-03-23T19:13:54Z
1008,14739942,14754340,0x66b4fd47a0d380d0fe121b2e7f01abab6d1b1a4d4f2b99835425657db80eef03,1774293234001,2026-03-23T19:13:54Z,1774379634000,2026-03-24T19:13:54Z
1009,14754341,14768740,0x88bb039037ed17fbfabd01df5333338dc2e7d569bce46142fd52941c4134153f,1774379634000,2026-03-24T19:13:54Z,1774466034000,2026-03-25T19:13:54Z
1010,14768741,14783139,0x72df0ce35e69f63f4ec1be84eab8593890288dab8ecc72af2da3d8489f0da241,1774466034000,2026-03-25T19:13:54Z,1774552434000,2026-03-26T19:13:54Z
1011,14783140,14797538,0x2b705cc8589835763410429839a5d59b85717ce255b116f79ffb04ad9ad47f7a,1774552434000,2026-03-26T19:13:54Z,1774638834000,2026-03-27T19:13:54Z
1012,14797539,14811934,0x9f4b242841bf5bc8d723510ef89df2c2acd1f23e57fa377c2dc5495f0cbadad9,1774638834000,2026-03-27T19:13:54Z,1774725234000,2026-03-28T19:13:54Z
1013,14811935,14826334,0xd9027f49b6188a19d89f8722bfc26f666120db57b1351b76aecd55c0fb4ea06f,1774725234000,2026-03-28T19:13:54Z,1774811634000,2026-03-29T19:13:54Z
1014,14826335,14840734,0x11c0b0f7aec470c6f3bca50104eb3bede60e57ff564972b72a7b39b5d4d216ae,1774811634000,2026-03-29T19:13:54Z,1774898034000,2026-03-30T19:13:54Z
1015,14840735,14855134,0x7fe5ec6deb8345483acab48230804b7c8964907f92d42e60e5b09d23370e252d,1774898034000,2026-03-30T19:13:54Z,1774984434000,2026-03-31T19:13:54Z
1016,14855135,14869533,0xb3002ed10ceab89706ceae23ee8447aa50f8c48b4445c054e6399b86e0521676,1774984434000,2026-03-31T19:13:54Z,1775070834000,2026-04-01T19:13:54Z
1017,14869534,14883933,0x8b943a484de8faf0a17729e5aeb6b8fed158c06e32dedbe19903bbf0a710a7a3,1775070834000,2026-04-01T19:13:54Z,1775157234001,2026-04-02T19:13:54Z
1018,14883934,14898332,0x4bd0074f07cffb14cef88f608c29c5272f8852d5738b90bb816eba6f7712ea7b,1775157234001,2026-04-02T19:13:54Z,1775243634000,2026-04-03T19:13:54Z
1019,14898333,14912723,0xf7a9823192ccf24712f8ec1f0c4914b56c0490e41e21b4dd38522ca0057495be,1775243634000,2026-04-03T19:13:54Z,1775330034000,2026-04-04T19:13:54Z
1020,14912724,14927101,0xfb5f9ef67376a7edb0ce6698203987b5f19ad063ad0bba8db09302bafb2e94bb,1775330034000,2026-04-04T19:13:54Z,1775416434000,2026-04-05T19:13:54Z
1021,14927102,14941501,0x3cc395732843d6079f4c5f5154e41710ce48fc531ff7f3ec30cfa0580048d297,1775416434000,2026-04-05T19:13:54Z,1775502834000,2026-04-06T19:13:54Z
1022,14941502,14955901,0x0e117c2d7ed0ddc12ca4d3ca44ada97612db32a4a1a81647d03264f7719f198b,1775502834000,2026-04-06T19:13:54Z,1775589234001,2026-04-07T19:13:54Z
1023,14955902,14970045,0xe6a1e666082af4f4d3922f00243d9d159f7b29c8087a9c94517653fc79f408c6,1775589234001,2026-04-07T19:13:54Z,1775675634000,2026-04-08T19:13:54Z
1024,14970046,14984334,0x265ca97479995302669e9bdcf99dff861ec697ee51b60243301efff0e56568cf,1775675634000,2026-04-08T19:13:54Z,1775762034000,2026-04-09T19:13:54Z
1025,14984335,14998733,0xd087d0fa32bb217ba2786b2f09eae6a3edb9652a8ae62f2d90d0382860097945,1775762034000,2026-04-09T19:13:54Z,1775848434000,2026-04-10T19:13:54Z
1026,14998734,15013133,0xd4e0ae611109fe401d549926129b9ce2b8d1ac577d35f406435cc9f0f5daf983,1775848434000,2026-04-10T19:13:54Z,1775934834000,2026-04-11T19:13:54Z
1027,15013134,15027533,0x1b4405f70eb8b0d5b071ad1b41d25a6e6c901cfc10cf6490599d55a97c78a0be,1775934834000,2026-04-11T19:13:54Z,1776021234001,2026-04-12T19:13:54Z
1028,15027534,15041933,0x7c72081a0d03851bff09a39f00144779cb4b28fef4a5f8e12d0e1d0b4a59b864,1776021234001,2026-04-12T19:13:54Z,1776107634000,2026-04-13T19:13:54Z
1029,15041934,15056333,0x7f1cc0bbfb7827991b05cc355a61dfdf1f4882cb1c014f60097c0e615f1b0cd7,1776107634000,2026-04-13T19:13:54Z,1776194034001,2026-04-14T19:13:54Z
1030,15056334,15070730,0x132f7b528f446199e5b23f212cc4c2a484164af739739bacb5101ff8c85e4fe5,1776194034001,2026-04-14T19:13:54Z,1776280434000,2026-04-15T19:13:54Z
1031,15070731,15085127,0x6b931a1f88fc41dc628aacc7a9cb135eab2e00a1c648aec0831aab8e7d282e59,1776280434000,2026-04-15T19:13:54Z,1776366834000,2026-04-16T19:13:54Z
1032,15085128,15099527,0x3d02cc7b7a906d5260bf39d3d48c0ff3e66de3acdf94a8d5aa5828dbe558b483,1776366834000,2026-04-16T19:13:54Z,1776453234000,2026-04-17T19:13:54Z
1033,15099528,15113923,0x079436da53dc32f4c141634452720a9c0554d48c5ea40b9481c27b51df8dc5aa,1776453234000,2026-04-17T19:13:54Z,1776539634000,2026-04-18T19:13:54Z
1034,15113924,15128317,0xac0dc9fbcc62ee05d4d4aad236bbee8610f2f3885224d068662c4d063099e7fa,1776539634000,2026-04-18T19:13:54Z,1776626034000,2026-04-19T19:13:54Z
1035,15128318,15142715,0x71b4e51e0968f1f5ce56ee12405a857f4693295c59f318b116d94ff88f3c0f02,1776626034000,2026-04-19T19:13:54Z,1776712434001,2026-04-20T19:13:54Z
1036,15142716,15157114,0x474326aa97ec3f8c53c4ead9db5a41b78cd1650978d2d38a793a6f5aeb1b9c43,1776712434001,2026-04-20T19:13:54Z,1776798834002,2026-04-21T19:13:54Z
1037,15157115,15171504,0x97070e0d28277ef67b2c012d7af1be8b91ea2a72fc1cad5c971916a26649037f,1776798834002,2026-04-21T19:13:54Z,1776885234000,2026-04-22T19:13:54Z
1038,15171505,15185904,0x7315248f7702abf2728b38dcc15aad9382a3797613acb84dd38ccc8c0e2fdd9d,1776885234000,2026-04-22T19:13:54Z,1776971634000,2026-04-23T19:13:54Z
1039,15185905,15200298,0xfa27fe6b2b4078255b0708154a3f72fd41412e68531418d372e825cdc093e8c5,1776971634000,2026-04-23T19:13:54Z,1777058034000,2026-04-24T19:13:54Z
1040,15200299,15214698,0x19e1340b45f53636f9b7aa15f8f3861335ffff89ae8c0e324a5a047267bfc637,1777058034000,2026-04-24T19:13:54Z,1777144434000,2026-04-25T19:13:54Z
1041,15214699,15229095,0x90961d9f5f1c6f6bcf543174042a8e3ff872d4141e5e3723f5c70e88b07b7c70,1777144434000,2026-04-25T19:13:54Z,1777230834001,2026-04-26T19:13:54Z
1042,15229096,15243394,0xcc0171374aa714caf1855af76549968a478f6044f99fcfca0542bdc17bbc7a42,1777230834001,2026-04-26T19:13:54Z,1777317234001,2026-04-27T19:13:54Z
1043,15243395,15257344,0x888e76117d2fcffa5b54eab253a53672f7332d008ba9918818c3b1a8c8b04629,1777317234001,2026-04-27T19:13:54Z,1777403640001,2026-04-28T19:14:00Z
1044,15257345,15271293,0x04be9e39ad22a050eb517b54c9aa7287303f669eb61ade7502e37fa92b6e835a,1777403640001,2026-04-28T19:14:00Z,1777490034001,2026-04-29T19:13:54Z
1045,15271294,15285666,0xf770d13333b2468a8aafe5f85732022bbb6b3dcc57791fa7303fe18bac7d316b,1777490034001,2026-04-29T19:13:54Z,1777576434000,2026-04-30T19:13:54Z
1046,15285667,15300065,0x1f6e8a2c4119e46738914c18f16b28acfc05389f0875173d6876e2f2ad6b4a91,1777576434000,2026-04-30T19:13:54Z,1777662834000,2026-05-01T19:13:54Z
1047,15300066,15314465,0x4b30bc095ff345a23dd0d28dd44c20c7e8b160bcc5b063c4838214556991bb07,1777662834000,2026-05-01T19:13:54Z,1777749234000,2026-05-02T19:13:54Z
1048,15314466,15328821,0xac8290e1fb84272f3f15c90b152095071ec1ce9d9086392481693a4256bcd9ba,1777749234000,2026-05-02T19:13:54Z,1777835634000,2026-05-03T19:13:54Z
1049,15328822,15343171,0xece2737c3d377e13895b4bcabe94305a10664f5a401393a29af4f11704f47dc7,1777835634000,2026-05-03T19:13:54Z,1777922034000,2026-05-04T19:13:54Z
1050,15343172,15357571,0x147da66331224d3e307a501144ab08de8a7123e5aaec6de21f0f9af312b66a37,1777922034000,2026-05-04T19:13:54Z,1778008434001,2026-05-05T19:13:54Z
1051,15357572,15371966,0x75e84bb86ddb84fdf275a75684ac9a4eb7c35c0e8fdff4f70e619fcf8f8ee831,1778008434001,2026-05-05T19:13:54Z,1778094834000,2026-05-06T19:13:54Z
1052,15371967,15386366,0xc3e3d4fa35cb9b69844dbc1836211fb17e2967495ba5bf3a64260c3413587ecf,1778094834000,2026-05-06T19:13:54Z,1778181234000,2026-05-07T19:13:54Z
1053,15386367,15400760,0x2fa0a4eb88a37240474ed1a1851ccad6372fb2bdb1aa670f21eb286f573495d4,1778181234000,2026-05-07T19:13:54Z,1778267634000,2026-05-08T19:13:54Z
1054,15400761,15415155,0x0e75ff0d36a96da6437ade30a77e2cb75b86247e14252b48f3e7033df53d98a2,1778267634000,2026-05-08T19:13:54Z,1778354034000,2026-05-09T19:13:54Z
1055,15415156,15429549,0x8646310d03ccc98085f06c15255d5755bcb7b112048b52e3e6bad600486e3be1,1778354034000,2026-05-09T19:13:54Z,1778440434000,2026-05-10T19:13:54Z
1056,15429550,15443945,0x1d367933fd317b9e4a87e5637781317f06c613754b0a6c6331f5865609bae77f,1778440434000,2026-05-10T19:13:54Z,1778526834000,2026-05-11T19:13:54Z
1057,15443946,15458344,0x9aed0e5c24dca34888d3a288add7de6a03f779bc9db731594374171a00bef2a4,1778526834000,2026-05-11T19:13:54Z,1778613234000,2026-05-12T19:13:54Z
1058,15458345,15472740,0x0f4b1e968dc9852ed9449652f297e9ef13b149d5c20d85893a8aedaff542e74a,1778613234000,2026-05-12T19:13:54Z,1778699634000,2026-05-13T19:13:54Z
1059,15472741,15487139,0xa6add3e41062c50ec91cfc460243889b3c1f31173ce2a7fc5edd0c4c898e7237,1778699634000,2026-05-13T19:13:54Z,1778786034000,2026-05-14T19:13:54Z
1060,15487140,15501537,0xd8aa58582dc6f2a01b8ca7fbdfdb8affb95b552d6a5d5c0cf3bda88895dfdab2,1778786034000,2026-05-14T19:13:54Z,1778872434000,2026-05-15T19:13:54Z
1061,15501538,15515936,0x8f75859f8510da90dd97a6ace840f0baba19e807224bad9a1afb78d12f554b21,1778872434000,2026-05-15T19:13:54Z,1778958834000,2026-05-16T19:13:54Z
1062,15515937,15530335,0x892082a8d593eb03c9acbbc9bbcd5e3b999cfb56b7c5c1c356ae4924b066a773,1778958834000,2026-05-16T19:13:54Z,1779045234001,2026-05-17T19:13:54Z
1063,15530336,15544735,0xce2b68506a7911f37e3e00e5b770735898058697091dcb28e4751cf96acd4c84,1779045234001,2026-05-17T19:13:54Z,1779131634001,2026-05-18T19:13:54Z
1064,15544736,15559131,0x5349cb72d31eecb10da9a50294cfdf5bfb20a68fc7075c21eaf1c8b5c938712c,1779131634001,2026-05-18T19:13:54Z,1779218034000,2026-05-19T19:13:54Z
1065,15559132,15573527,0xb5fd39214d4a1e75e6d4d2fcaf6ffca8c9672384b7752f524d5a52f710f94927,1779218034000,2026-05-19T19:13:54Z,1779304434000,2026-05-20T19:13:54Z
1066,15573528,15587923,0x113fdf64c4074ba2e64406cd54e5b796fa0d52cdcc37b3332e02a00f90d660db,1779304434000,2026-05-20T19:13:54Z,1779390834000,2026-05-21T19:13:54Z
1067,15587924,15602322,0x984740397259d34c0b906f6109f43dbeda01c0b071eab087e2b53fe79fce679d,1779390834000,2026-05-21T19:13:54Z,1779477234000,2026-05-22T19:13:54Z
1068,15602323,15616721,0xa25922e2d0a24b015552caecdb0117d27f4ea303df1abadf4bcff2b0625f0cb6,1779477234000,2026-05-22T19:13:54Z,1779563634001,2026-05-23T19:13:54Z
1069,15616722,15631121,0xb6f5483b2d4d4d91aa29c7be5d53f5ef9ae0ec84eb27626d0c87d8b0816d0dd8,1779563634001,2026-05-23T19:13:54Z,1779650034001,2026-05-24T19:13:54Z
1070,15631122,15645517,0xaeb14e3f88e59ba9299f6ae87f492da020ce7ca0a980b9ff038b338790af5859,1779650034001,2026-05-24T19:13:54Z,1779736434000,2026-05-25T19:13:54Z
1071,15645518,15659917,0x24b47f1da2905af0ffdd07fa3e741be32c5044366e8d942257dbe318f9345dd6,1779736434000,2026-05-25T19:13:54Z,1779822834000,2026-05-26T19:13:54Z
1072,15659918,15674317,0x23d7802f1fcf4c53fc276728dd610ee2d7cdad56012adb8cfdd3906e3d98e582,1779822834000,2026-05-26T19:13:54Z,1779909234000,2026-05-27T19:13:54Z
1073,15674318,15688714,0x91560a381b575f3ad33201b033ebe60e446581f000e02b331e3e6b5e08ae7568,1779909234000,2026-05-27T19:13:54Z,1779995634000,2026-05-28T19:13:54Z
1074,15688715,15703112,0x34531a94a171e461debbcdc2e587fa5dcbaf9ec4f4905055b46e9910384df96b,1779995634000,2026-05-28T19:13:54Z,1780082034000,2026-05-29T19:13:54Z
1075,15703113,15717509,0xd31cb1aa21abd68bd90bf88e454887f2078f951c0e3cbf3d37ecab811a662b56,1780082034000,2026-05-29T19:13:54Z,1780168434000,2026-05-30T19:13:54Z
1076,15717510,15731909,0x0e6922a1dab584b2bc51d1e3098d0020955b5d55de01fa1a242e77199bcd8694,1780168434000,2026-05-30T19:13:54Z,1780254834001,2026-05-31T19:13:54Z
1077,15731910,15746309,0x6febd7884f24aeb748de7c966f557def8c0d9870958d6eb643e4dfe6b2cdc87b,1780254834001,2026-05-31T19:13:54Z,1780341234000,2026-06-01T19:13:54Z
1078,15746310,15760709,0x88b5c2bc6af41885c7f99e71e6aabb20d0d70202735932a7e2bd45183d9deb7c,1780341234000,2026-06-01T19:13:54Z,1780427634000,2026-06-02T19:13:54Z
1079,15760710,15775104,0x54eda46cfbc46c3c09e8d1e0f92f4a55d5b02c5b2f3578c99ebbbe0fc7856211,1780427634000,2026-06-02T19:13:54Z,1780514034000,2026-06-03T19:13:54Z
1080,15775105,15789500,0x256f5fdfa0da72a2f7ec122d91fe7eacba55ce31517bbdb6f64ce6557cfa4344,1780514034000,2026-06-03T19:13:54Z,1780600434000,2026-06-04T19:13:54Z
1081,15789501,15803900,0x487ae220ff8d6d2ef79a8cf1520d856d2802cca77e832fcd40a884ef49dd5cbf,1780600434000,2026-06-04T19:13:54Z,1780686834000,2026-06-05T19:13:54Z
1082,15803901,15818300,0x30e580d55cac7d1f7eec9a250880b5134546eb03e59c00755c26ee6fbb03ff7f,1780686834000,2026-06-05T19:13:54Z,1780773234001,2026-06-06T19:13:54Z
1083,15818301,15832700,0xce66d2cea69f4c26c0b81541dcf68b4663de15e120a4312a3d61aea34e46437b,1780773234001,2026-06-06T19:13:54Z,1780859634000,2026-06-07T19:13:54Z
1084,15832701,15847097,0xfc19df672c1f6e4e456732efce41a82a831c1699e47fefa69e2b9e8f1fdfc3be,1780859634000,2026-06-07T19:13:54Z,1780946034000,2026-06-08T19:13:54Z
1085,15847098,15861497,0xfbc51369a20f0c833e373a6672026a0b290d1ac7c0e7feb7f1206c16e360f621,1780946034000,2026-06-08T19:13:54Z,1781032434001,2026-06-09T19:13:54Z
1086,15861498,15875895,0xcceca1638d7c3c9b53a392c3d1cf61908bb0720bca14cfb781320073efb38b3c,1781032434001,2026-06-09T19:13:54Z,1781118834000,2026-06-10T19:13:54Z
1087,15875896,15890295,0xed650ec228c29572f471cf92fdf74a8b30a4d0a841e4f106d36dfc82bc90e3ff,1781118834000,2026-06-10T19:13:54Z,1781205234001,2026-06-11T19:13:54Z
1088,15890296,15904692,0xeb0827b0aa843d62db62e6aad71ec5eec4dde97ee29a9ac0c693987504403251,1781205234001,2026-06-11T19:13:54Z,1781291634000,2026-06-12T19:13:54Z
1089,15904693,15919092,0x4bd9feeb320eac25a021b07b6ab180cbc301d09cb3f16e6e0330ce1a995b2c9a,1781291634000,2026-06-12T19:13:54Z,1781378034001,2026-06-13T19:13:54Z
1090,15919093,15933492,0x91ff30122aff1809d785bcdb652233da7f33193fef710b32988524d11fdee711,1781378034001,2026-06-13T19:13:54Z,1781464434000,2026-06-14T19:13:54Z
1091,15933493,15947892,0xb656a24f4c01215366d8484cb4243937ddced0974506cda22adbdaf86fb44b3d,1781464434000,2026-06-14T19:13:54Z,1781550834000,2026-06-15T19:13:54Z
1092,15947893,15962291,0xcf8611abfe9ace121e40541883fba1a7e5220f47f9a695d1435d068dee1a17da,1781550834000,2026-06-15T19:13:54Z,1781637234000,2026-06-16T19:13:54Z
1093,15962292,15976691,0x10cd1283d7bc9134cdfa564a23fda478de728481318524de53137c0f72fb75d2,1781637234000,2026-06-16T19:13:54Z,1781723634000,2026-06-17T19:13:54Z
1094,15976692,15991089,0xa4415c35f43f787f707a0ff52560bc590f7088fb992833be48e6a95e8e49b97c,1781723634000,2026-06-17T19:13:54Z,1781810034000,2026-06-18T19:13:54Z
1095,15991090,16005486,0xd526e160c91f74a3f83f85b19cf0896215b275a91a76392cd66bbb89f7925492,1781810034000,2026-06-18T19:13:54Z,1781896434000,2026-06-19T19:13:54Z
1096,16005487,16019880,0x574b3b6704532dcfeb3728d33acb338185e77d22579d7f13278b8a26a03b195e,1781896434000,2026-06-19T19:13:54Z,1781982834000,2026-06-20T19:13:54Z
1097,16019881,16034279,0x8554aee954a04174a5a134210fded76838a34c758b927abcc00ca43b301e39d3,1781982834000,2026-06-20T19:13:54Z,1782069234000,2026-06-21T19:13:54Z
1098,16034280,16048679,0x5f86eb0055720eff11c7703dd98f665f396a96907c2e65d617650136fb027757,1782069234000,2026-06-21T19:13:54Z,1782155634000,2026-06-22T19:13:54Z
1099,16048680,16063079,0xe802ddcd26aaebe16a961baa9c56eb23591a5e7dfc03cd7e6a9ec9e11630184a,1782155634000,2026-06-22T19:13:54Z,1782242034023,2026-06-23T19:13:54Z
1100,16063080,16077478,0x8ad08ffaa2e6e2f9b1a33e5d62793a8441b4c6a865ef8242466d981594ce71c6,1782242034023,2026-06-23T19:13:54Z,1782328434000,2026-06-24T19:13:54Z
1101,16077479,16091878,0xc5a8e3e6ed64c9392b0fa5c0ddd1cf454bd7a4114d2e605c49e29e58e16b8fd9,1782328434000,2026-06-24T19:13:54Z,1782414834000,2026-06-25T19:13:54Z
1102,16091879,16106278,0x0231a1df400926c0f90e800e5469769229d0331dfe09e7990580e363153059be,1782414834000,2026-06-25T19:13:54Z,1782501234000,2026-06-26T19:13:54Z
1103,16106279,16120678,0xdd24b3c858bc40dff843ce65c2b9e11bfbee0b19561a75aa6997e92be0609a60,1782501234000,2026-06-26T19:13:54Z,1782587634001,2026-06-27T19:13:54Z
1104,16120679,16135074,0x88f485a68fa330cd9a084c2c9e0d553d70c975ce3dd3b82960a2584930accd07,1782587634001,2026-06-27T19:13:54Z,1782674034001,2026-06-28T19:13:54Z
1105,16135075,16149473,0x6ec213ee1784c30a28b055719ea88b231cb776263be5029e55e8ebdb42909cbb,1782674034001,2026-06-28T19:13:54Z,1782760434000,2026-06-29T19:13:54Z
1106,16149474,16163873,0xd0a317ac9f374822ea245064a337d6a9d2c1c53ca2fa03a71d26fd05536d8e21,1782760434000,2026-06-29T19:13:54Z,1782846834001,2026-06-30T19:13:54Z
1107,16163874,16178272,0x19855bbdecc8224f13745cfe83529cbc541886b5946c14e3217dbe82d3152d32,1782846834001,2026-06-30T19:13:54Z,1782933234000,2026-07-01T19:13:54Z
1108,16178273,16192667,0xd78eb9bab3a9635b5e7fbe7215689ef2c215414e6e212a5441868b32407255a6,1782933234000,2026-07-01T19:13:54Z,1783019634000,2026-07-02T19:13:54Z
1109,16192668,16207067,0x7f78bf3e52c1fddd41088a499605c9e10a84b0daf13bf84c997ae63956e06caf,1783019634000,2026-07-02T19:13:54Z,1783106034001,2026-07-03T19:13:54Z
1110,16207068,16221467,0x082aa081bfcabf80cade501895c4d8919345f2daf2dd055c92f429a98a9a3fd3,1783106034001,2026-07-03T19:13:54Z,1783192434001,2026-07-04T19:13:54Z
1111,16221468,16235867,0x4f8f0c274e583f85c2859a6693af990000160e620fd532f20ce08931cbdc612b,1783192434001,2026-07-04T19:13:54Z,1783278834000,2026-07-05T19:13:54Z
1112,16235868,16250263,0xa567c4ad7adf9025eaaed21380f0c00bacf5353abe15dec56b8b6979c8011e97,1783278834000,2026-07-05T19:13:54Z,1783365234000,2026-07-06T19:13:54Z
1113,16250264,16264650,0xa0251db11a1944be9d406586cf24fd49bf0b090ecd9595c0768d968e51b35311,1783365234000,2026-07-06T19:13:54Z,1783451634000,2026-07-07T19:13:54Z
1114,16264651,16279049,0xf3adb2f5f99e0e5fc3bc59e3216c61eaeb282d1eeabc636db095f22356bba08e,1783451634000,2026-07-07T19:13:54Z,1783538034000,2026-07-08T19:13:54Z
1115,16279050,16293449,0xc19bc4e9152c66fb59b7024d381bf568752785791cd6ca801de34c061ffce8bc,1783538034000,2026-07-08T19:13:54Z,1783624434000,2026-07-09T19:13:54Z
1116,16293450,16307596,0xc36c2cb15c08c2a03473a52d1956607e5da37817a6ef93b908a84be4423ae8ce,1783624434000,2026-07-09T19:13:54Z,1783710834000,2026-07-10T19:13:54Z
1117,16307597,16321601,0x42a35d8c0f0db4ff53208b022c7d3e9c72429dd8938d26efbc20a6192ca8177d,1783710834000,2026-07-10T19:13:54Z,1783797234000,2026-07-11T19:13:54Z
1118,16321602,16335916,0x1401c1b2b3fc16287c372cd75a555253c04542e2d0ca30a97fc5ebcc00a9304b,1783797234000,2026-07-11T19:13:54Z,1783883634000,2026-07-12T19:13:54Z
1119,16335917,16350316,0xe7dc247e6c2dadef0b4e9b3fac28693ad631f961e6d34152c82ba9a56ddde6b1,1783883634000,2026-07-12T19:13:54Z,1783970034001,2026-07-13T19:13:54Z
1120,16350317,16364716,0x717d06c62948e8d9935bd75c4853dcd14637c67aa5bbc88b955892e591c6e106,1783970034001,2026-07-13T19:13:54Z,1784056434000,2026-07-14T19:13:54Z
1121,16364717,16379116,0x4eec9bd9737809578d1a69e81300deedb81314165a5dc08910462cae8deedd4b,1784056434000,2026-07-14T19:13:54Z,1784142834001,2026-07-15T19:13:54Z
1122,16379117,16393507,0x8cc89aacf13d4ed2cea809ff4e284702de77d60d4653774efcf38db3443d458e,1784142834001,2026-07-15T19:13:54Z,1784229234001,2026-07-16T19:13:54Z
1123,16393508,16407907,0x4f89ce65c83bd3e273cd475774f9c68af7e426c92c1ca9a775d2a5e4628b42ec,1784229234001,2026-07-16T19:13:54Z,1784315634000,2026-07-17T19:13:54Z
1124,16407908,16422307,0x45d6e564188741b30d4e3d662ae3e47da447575f39c14e38dc104e7ac1914a61,1784315634000,2026-07-17T19:13:54Z,1784402034000,2026-07-18T19:13:54Z
1125,16422308,16436705,0x5b4ba449770e25210972ebfd54513f97d88832a0838aa5ed0199b59dfd9ed500,1784402034000,2026-07-18T19:13:54Z,1784488434000,2026-07-19T19:13:54Z
1126,16436706,16451105,0x97f297889b02044563b83fb818c17edaa2279ef41ec93f1ac8093b7204f572e2,1784488434000,2026-07-19T19:13:54Z,1784574834001,2026-07-20T19:13:54Z
1127,16451106,16465505,0x82feea4f3345f600598d86bfddc59cdeee5d43e969da6acecfa05e1725d2af9c,1784574834001,2026-07-20T19:13:54Z,1784661234000,2026-07-21T19:13:54Z
1128,16465506,16479905,0x377cffd667a6660ca376ff65668d1c13847d4c4692648cb227904882a65c4472,1784661234000,2026-07-21T19:13:54Z,1784747634000,2026-07-22T19:13:54Z
1129,16479906,16494303,0x2c0290396bbe0b41d401c1b1910185027d9216354c2d2f27b61e9fc766b07a8c,1784747634000,2026-07-22T19:13:54Z,1784834034000,2026-07-23T19:13:54Z
1130,16494304,16508702,0x881433f5e5db17e43011492765d2e466524f4248de442b377fcab151a10a3e8f,1784834034000,2026-07-23T19:13:54Z,1784920434000,2026-07-24T19:13:54Z
1131,16508703,16523102,0xe536c29fd9b0c60fdf1747fbdc144fec95ae65f22b2eb58da28b96d5da68cbd4,1784920434000,2026-07-24T19:13:54Z,1785006834000,2026-07-25T19:13:54Z
1132,16523103,16537500,0x3f68eb8c13a448508c175cb3e7272feb164f42ae618c95e6c73333b64995166a,1785006834000,2026-07-25T19:13:54Z,1785093234000,2026-07-26T19:13:54Z
1133,16537501,16551899,0xc9749592ef58de9fd5c32eb0c3b3855717127addbab286a2233a70f8d04a9f02,1785093234000,2026-07-26T19:13:54Z,1785179634000,2026-07-27T19:13:54Z
1134,16551900,16566292,0x6a841bc7f8c6539281c2d33320ec6f60434ae544184cf9dc54b6e8411945aadd,1785179634000,2026-07-27T19:13:54Z,1785266034000,2026-07-28T19:13:54Z
1135,16566293,16580692,0xce3729334b051b3007c012f03a0558869d614143164c5ce6f6ce76f4255a5c7e,1785266034000,2026-07-28T19:13:54Z,1785352434001,2026-07-29T19:13:54Z
1136,16580693,16595092,0x7ca15bded5685d6e58faeb5c7dbd62a4a6eef2074357103054373fd6506d8fdd,1785352434001,2026-07-29T19:13:54Z,1785438834001,2026-07-30T19:13:54Z
1137,16595093,16609492,0x1c266b2111ae98e34e77dd1026412521173c2d6599be30127c5aa356fef6d26b,1785438834001,2026-07-30T19:13:54Z,1785525234001,2026-07-31T19:13:54Z
1138,16609493,16623891,0xa0c013cfd372d9f17c7d458bfb1be593043078d4e2e7d33eda5c9bfc222f7b07,1785525234001,2026-07-31T19:13:54Z,1785611634001,2026-08-01T19:13:54Z
1139,16623892,16638290,0x9eef19ec1fac37f7260df6ffff041b7445f69020d7bbe2a1af373aaab8af5073,1785611634001,2026-08-01T19:13:54Z,1785698034001,2026-08-02T19:13:54Z
1140,16638291,16652688,0x1ad072f84e25b84056717d9ea273c15eafdd3b86afb2f542d0445445f4e10b17,1785698034001,2026-08-02T19:13:54Z,1785784434000,2026-08-03T19:13:54Z
1141,16652689,16667088,0x1edf0e327dc2936d37ac78f8eec485097dad6b37ac6a590038ddb87c10c28926,1785784434000,2026-08-03T19:13:54Z,1785870834000,2026-08-04T19:13:54Z
1142,16667089,16681484,0x2133346e817bffeaab21b80b5fb7cb0b0afd20eb165bdfe26a01875193d886be,1785870834000,2026-08-04T19:13:54Z,1785957234000,2026-08-05T19:13:54Z
1143,16681485,16695882,0x1765b4b575a42bc2406ed90465545d30e36f4939a20b510dfc00abf7b440ca33,1785957234000,2026-08-05T19:13:54Z,1786043634000,2026-08-06T19:13:54Z
1144,16695883,16710281,0x87255f9fd46b4acfd06f358ec14b603e5194b2e6f85f4d1f24e94c7eec1dd1e6,1786043634000,2026-08-06T19:13:54Z,1786130034000,2026-08-07T19:13:54Z
1145,16710282,16724678,0x979c221b4a9caef341602760dcc6d55589c8af6029ba20b992f1639333a64ac6,1786130034000,2026-08-07T19:13:54Z,1786216434001,2026-08-08T19:13:54Z
1146,16724679,16739078,0x1883b60edf32d62c4c09d7fc75b3d00d2cbb5e8dc47a4f17e0c48c3da5aff3b6,1786216434001,2026-08-08T19:13:54Z,1786302834001,2026-08-09T19:13:54Z
1147,16739079,16753378,0xbd77505858ffb342e59b5ef3c6cf0de0826fa6b79b68558506d3139e422bc4ac,1786302834001,2026-08-09T19:13:54Z,1786389234001,2026-08-10T19:13:54Z
1148,16753379,16767337,0x2b783852ca39c76d8935ec6aa484465c5a1e9d34da03805e827b18c5032de6d5,1786389234001,2026-08-10T19:13:54Z,1786475634001,2026-08-11T19:13:54Z
1149,16767338,16781515,0x5526c2cf44a59c3655bfabd86221add9976d26426c2896387503999dc957d961,1786475634001,2026-08-11T19:13:54Z,1786562034000,2026-08-12T19:13:54Z
1150,16781516,16795912,0x7310a99f62ca207d6f9e18d8f1efa8fa49f3005e607035d1b8a54c41130e4e92,1786562034000,2026-08-12T19:13:54Z,1786648434001,2026-08-13T19:13:54Z
1151,16795913,16810311,0xc18dc7890fdde2300f083933592b675d1fc51c3e171fa289fba7ab14ee642866,1786648434001,2026-08-13T19:13:54Z,1786734834000,2026-08-14T19:13:54Z
1152,16810312,16824711,0x3c1cbcd9da63fee2119735a0e88c4fb54edd10cc8a38d9f26215fbfd62dea1a0,1786734834000,2026-08-14T19:13:54Z,1786821234001,2026-08-15T19:13:54Z
1153,16824712,16839110,0x15d9f5ea9c2cee99af823507004306dc5d3e61335107c03e24b973a01c4c5d52,1786821234001,2026-08-15T19:13:54Z,1786907634000,2026-08-16T19:13:54Z
1154,16839111,16853510,0x176deea435aa28b8ca4981f46f4de4fae7d9bae6e9ccecbcde9033031aa9ec4c,1786907634000,2026-08-16T19:13:54Z,1786994034000,2026-08-17T19:13:54Z
1155,16853511,16867908,0xb5169b7a313d319bfe96ea36cf0c3c928b103a7a6275afe859adcf88e1853fac,1786994034000,2026-08-17T19:13:54Z,1787080434000,2026-08-18T19:13:54Z
1156,16867909,16882204,0xd5c50405ed74abbcb1efad9ee208c35dee5fd97d8636a5da9f870456a47876d5,1787080434000,2026-08-18T19:13:54Z,1787166834001,2026-08-19T19:13:54Z
1157,16882205,16896349,0xc55fa88eaff842d87f8790f72932a697a0337ecb74b4c00a69e717f7d89d513a,1787166834001,2026-08-19T19:13:54Z,1787253234001,2026-08-20T19:13:54Z
1158,16896350,16910746,0xc5ddddb384beafe76245d42fd0279c2c96e674a337d5e1a820e9707b9b6afe34,1787253234001,2026-08-20T19:13:54Z,1787339634001,2026-08-21T19:13:54Z
1159,16910747,16925145,0x562415e9967bcc17bfb82fddb477b29e11b3e2f00dc0e70217fb70e1fe990206,1787339634001,2026-08-21T19:13:54Z,1787426034000,2026-08-22T19:13:54Z
1160,16925146,16939545,0x6e821912287cc0180ab958ecfc6d510d874f127a02864a6fed3b6016e0d6278f,1787426034000,2026-08-22T19:13:54Z,1787512434001,2026-08-23T19:13:54Z
1161,16939546,,0x2a8482ac145eb344d9f3fb34e823acbbeb1eff01aff4c25a45c97f8133bd24ae,1787512434001,2026-08-23T19:13:54Z,,